-- MySQL dump 10.13  Distrib 5.7.20, for Linux (x86_64)
--
-- Host: localhost    Database: tsdh
-- ------------------------------------------------------
-- Server version	5.7.20-0ubuntu0.16.04.1

/*!40101 SET @OLD_CHARACTER_SET_CLIENT=@@CHARACTER_SET_CLIENT */;
/*!40101 SET @OLD_CHARACTER_SET_RESULTS=@@CHARACTER_SET_RESULTS */;
/*!40101 SET @OLD_COLLATION_CONNECTION=@@COLLATION_CONNECTION */;
/*!40101 SET NAMES utf8 */;
/*!40103 SET @OLD_TIME_ZONE=@@TIME_ZONE */;
/*!40103 SET TIME_ZONE='+00:00' */;
/*!40014 SET @OLD_UNIQUE_CHECKS=@@UNIQUE_CHECKS, UNIQUE_CHECKS=0 */;
/*!40014 SET @OLD_FOREIGN_KEY_CHECKS=@@FOREIGN_KEY_CHECKS, FOREIGN_KEY_CHECKS=0 */;
/*!40101 SET @OLD_SQL_MODE=@@SQL_MODE, SQL_MODE='NO_AUTO_VALUE_ON_ZERO' */;
/*!40111 SET @OLD_SQL_NOTES=@@SQL_NOTES, SQL_NOTES=0 */;

--
-- Table structure for table `admission`
--

DROP TABLE IF EXISTS `admission`;
/*!40101 SET @saved_cs_client     = @@character_set_client */;
/*!40101 SET character_set_client = utf8 */;
CREATE TABLE `admission` (
  `id` int(11) NOT NULL AUTO_INCREMENT,
  `id_univ` int(11) NOT NULL,
  `id_bran` int(11) NOT NULL,
  `id_comb` int(11) NOT NULL,
  `amount` int(11) NOT NULL,
  `score` int(11) NOT NULL,
  `level_univ` varchar(256) NOT NULL DEFAULT 'Đại học',
  `created_at` timestamp NOT NULL DEFAULT CURRENT_TIMESTAMP,
  `updated_at` timestamp NOT NULL DEFAULT CURRENT_TIMESTAMP ON UPDATE CURRENT_TIMESTAMP,
  PRIMARY KEY (`id`),
  KEY `id_univ` (`id_univ`),
  KEY `id_bran` (`id_bran`),
  KEY `id_comb` (`id_comb`),
  CONSTRAINT `admission_ibfk_1` FOREIGN KEY (`id_univ`) REFERENCES `university` (`id`),
  CONSTRAINT `admission_ibfk_2` FOREIGN KEY (`id_bran`) REFERENCES `branch` (`id`),
  CONSTRAINT `admission_ibfk_3` FOREIGN KEY (`id_comb`) REFERENCES `combination` (`id`)
) ENGINE=InnoDB DEFAULT CHARSET=utf8;
/*!40101 SET character_set_client = @saved_cs_client */;

--
-- Dumping data for table `admission`
--

LOCK TABLES `admission` WRITE;
/*!40000 ALTER TABLE `admission` DISABLE KEYS */;
/*!40000 ALTER TABLE `admission` ENABLE KEYS */;
UNLOCK TABLES;

--
-- Table structure for table `branch`
--

DROP TABLE IF EXISTS `branch`;
/*!40101 SET @saved_cs_client     = @@character_set_client */;
/*!40101 SET character_set_client = utf8 */;
CREATE TABLE `branch` (
  `id` int(11) NOT NULL AUTO_INCREMENT,
  `code` varchar(256) NOT NULL,
  `name` varchar(256) NOT NULL,
  `created_at` timestamp NOT NULL DEFAULT CURRENT_TIMESTAMP,
  `updated_at` timestamp NOT NULL DEFAULT CURRENT_TIMESTAMP ON UPDATE CURRENT_TIMESTAMP,
  PRIMARY KEY (`id`),
  UNIQUE KEY `code` (`code`)
) ENGINE=InnoDB DEFAULT CHARSET=utf8;
/*!40101 SET character_set_client = @saved_cs_client */;

--
-- Dumping data for table `branch`
--

LOCK TABLES `branch` WRITE;
/*!40000 ALTER TABLE `branch` DISABLE KEYS */;
/*!40000 ALTER TABLE `branch` ENABLE KEYS */;
UNLOCK TABLES;

--
-- Table structure for table `combination`
--

DROP TABLE IF EXISTS `combination`;
/*!40101 SET @saved_cs_client     = @@character_set_client */;
/*!40101 SET character_set_client = utf8 */;
CREATE TABLE `combination` (
  `id` int(11) NOT NULL AUTO_INCREMENT,
  `code` varchar(256) NOT NULL,
  `id_sub1` int(11) NOT NULL,
  `id_sub2` int(11) NOT NULL,
  `id_sub3` int(11) NOT NULL,
  `created_at` timestamp NOT NULL DEFAULT CURRENT_TIMESTAMP,
  `updated_at` timestamp NOT NULL DEFAULT CURRENT_TIMESTAMP ON UPDATE CURRENT_TIMESTAMP,
  PRIMARY KEY (`id`),
  KEY `id_sub1` (`id_sub1`),
  KEY `id_sub2` (`id_sub2`),
  KEY `id_sub3` (`id_sub3`),
  CONSTRAINT `combination_ibfk_1` FOREIGN KEY (`id_sub1`) REFERENCES `subject` (`id`),
  CONSTRAINT `combination_ibfk_2` FOREIGN KEY (`id_sub2`) REFERENCES `subject` (`id`),
  CONSTRAINT `combination_ibfk_3` FOREIGN KEY (`id_sub3`) REFERENCES `subject` (`id`)
) ENGINE=InnoDB AUTO_INCREMENT=95 DEFAULT CHARSET=utf8;
/*!40101 SET character_set_client = @saved_cs_client */;

--
-- Dumping data for table `combination`
--

LOCK TABLES `combination` WRITE;
/*!40000 ALTER TABLE `combination` DISABLE KEYS */;
INSERT INTO `combination` VALUES (1,'A00',1,2,3,'2017-11-27 00:33:44','2017-11-27 00:33:44'),(2,'A01',1,2,4,'2017-11-27 00:33:44','2017-11-27 00:33:44'),(3,'B00',1,3,5,'2017-11-27 00:33:44','2017-11-27 00:33:44'),(4,'C00',6,7,8,'2017-11-27 00:33:44','2017-11-27 00:33:44'),(5,'D01',6,1,4,'2017-11-27 00:33:44','2017-11-27 00:33:44'),(6,'D02',6,1,9,'2017-11-27 00:33:44','2017-11-27 00:33:44'),(7,'D03',6,1,10,'2017-11-27 00:33:44','2017-11-27 00:33:44'),(8,'D04',6,1,11,'2017-11-27 00:33:44','2017-11-27 00:33:44'),(9,'D05',6,1,12,'2017-11-27 00:33:44','2017-11-27 00:33:44'),(10,'D06',6,1,13,'2017-11-27 00:33:44','2017-11-27 00:33:44'),(11,'H00',6,14,15,'2017-11-27 00:33:44','2017-11-27 00:33:44'),(12,'H01',1,6,16,'2017-11-27 00:33:44','2017-11-27 00:33:44'),(13,'N00',6,17,18,'2017-11-27 00:33:44','2017-11-27 00:33:44'),(14,'T00',6,5,21,'2017-11-27 00:33:44','2017-11-27 00:33:44'),(15,'V00',1,2,16,'2017-11-27 00:33:44','2017-11-27 00:33:44'),(16,'V01',1,6,16,'2017-11-27 00:33:44','2017-11-27 00:33:44'),(17,'S00',6,22,23,'2017-11-27 00:33:44','2017-11-27 00:33:44'),(18,'R00',6,7,24,'2017-11-27 00:33:44','2017-11-27 00:33:44'),(19,'K00',1,2,25,'2017-11-27 00:33:44','2017-11-27 00:33:44'),(20,'A02',1,2,5,'2017-11-27 00:33:44','2017-11-27 00:33:44'),(21,'A03',1,2,7,'2017-11-27 00:33:44','2017-11-27 00:33:44'),(22,'A04',1,2,8,'2017-11-27 00:33:44','2017-11-27 00:33:44'),(23,'A05',1,3,7,'2017-11-27 00:33:44','2017-11-27 00:33:44'),(24,'A06',1,3,8,'2017-11-27 00:33:44','2017-11-27 00:33:44'),(25,'A07',1,7,8,'2017-11-27 00:33:44','2017-11-27 00:33:44'),(26,'A15',1,6,26,'2017-11-27 00:33:44','2017-11-27 00:33:44'),(27,'A16',1,6,27,'2017-11-27 00:33:44','2017-11-27 00:33:44'),(28,'A17',1,2,27,'2017-11-27 00:33:44','2017-11-27 00:33:44'),(29,'B01',1,5,7,'2017-11-27 00:33:44','2017-11-27 00:33:44'),(30,'B02',1,5,8,'2017-11-27 00:33:44','2017-11-27 00:33:44'),(31,'B03',1,5,6,'2017-11-27 00:33:44','2017-11-27 00:33:44'),(32,'B05',1,5,27,'2017-11-27 00:33:44','2017-11-27 00:33:44'),(33,'C01',6,1,2,'2017-11-27 00:33:44','2017-11-27 00:33:44'),(34,'C02',6,1,3,'2017-11-27 00:33:44','2017-11-27 00:33:44'),(35,'C03',6,1,7,'2017-11-27 00:33:44','2017-11-27 00:33:44'),(36,'C04',6,1,8,'2017-11-27 00:33:44','2017-11-27 00:33:44'),(37,'C05',6,2,3,'2017-11-27 00:33:44','2017-11-27 00:33:44'),(38,'C06',6,2,5,'2017-11-27 00:33:44','2017-11-27 00:33:44'),(39,'C07',6,2,7,'2017-11-27 00:33:44','2017-11-27 00:33:44'),(40,'C08',6,3,5,'2017-11-27 00:33:44','2017-11-27 00:33:44'),(41,'C09',6,2,8,'2017-11-27 00:33:44','2017-11-27 00:33:44'),(42,'C10',6,3,7,'2017-11-27 00:33:44','2017-11-27 00:33:44'),(43,'C11',6,3,8,'2017-11-27 00:33:44','2017-11-27 00:33:44'),(44,'C12',6,5,7,'2017-11-27 00:33:44','2017-11-27 00:33:44'),(45,'C13',6,5,8,'2017-11-27 00:33:44','2017-11-27 00:33:44'),(46,'C14',1,6,28,'2017-11-27 00:33:44','2017-11-27 00:33:44'),(47,'C15',1,6,26,'2017-11-27 00:33:44','2017-11-27 00:33:44'),(48,'D07',1,3,4,'2017-11-27 00:33:44','2017-11-27 00:33:44'),(49,'D08',1,5,4,'2017-11-27 00:33:44','2017-11-27 00:33:44'),(50,'D09',1,7,4,'2017-11-27 00:33:44','2017-11-27 00:33:44'),(51,'D10',1,8,4,'2017-11-27 00:33:44','2017-11-27 00:33:44'),(52,'D11',6,2,4,'2017-11-27 00:33:44','2017-11-27 00:33:44'),(53,'D12',6,3,4,'2017-11-27 00:33:44','2017-11-27 00:33:44'),(54,'D13',6,5,4,'2017-11-27 00:33:44','2017-11-27 00:33:44'),(55,'D14',6,7,4,'2017-11-27 00:33:44','2017-11-27 00:33:44'),(56,'D15',6,8,4,'2017-11-27 00:33:44','2017-11-27 00:33:44'),(57,'D16',1,8,12,'2017-11-27 00:33:44','2017-11-27 00:33:44'),(58,'D17',1,8,9,'2017-11-27 00:33:44','2017-11-27 00:33:44'),(59,'D18',1,8,13,'2017-11-27 00:33:44','2017-11-27 00:33:44'),(60,'D19',1,8,10,'2017-11-27 00:33:44','2017-11-27 00:33:44'),(61,'D20',1,8,11,'2017-11-27 00:33:44','2017-11-27 00:33:44'),(62,'D21',1,3,12,'2017-11-27 00:33:44','2017-11-27 00:33:44'),(63,'D22',1,3,9,'2017-11-27 00:33:44','2017-11-27 00:33:44'),(64,'D23',1,3,13,'2017-11-27 00:33:44','2017-11-27 00:33:44'),(65,'D24',1,3,10,'2017-11-27 00:33:44','2017-11-27 00:33:44'),(66,'D25',1,3,11,'2017-11-27 00:33:44','2017-11-27 00:33:44'),(67,'D26',1,2,12,'2017-11-27 00:33:44','2017-11-27 00:33:44'),(68,'D27',1,2,9,'2017-11-27 00:33:44','2017-11-27 00:33:44'),(69,'D28',1,2,13,'2017-11-27 00:33:44','2017-11-27 00:33:44'),(70,'D29',1,2,10,'2017-11-27 00:33:44','2017-11-27 00:33:44'),(71,'D30',1,2,11,'2017-11-27 00:33:44','2017-11-27 00:33:44'),(72,'D31',1,5,12,'2017-11-27 00:33:44','2017-11-27 00:33:44'),(73,'D32',1,5,9,'2017-11-27 00:33:44','2017-11-27 00:33:44'),(74,'D34',1,5,10,'2017-11-27 00:33:44','2017-11-27 00:33:44'),(75,'D33',1,5,13,'2017-11-27 00:33:44','2017-11-27 00:33:44'),(76,'D35',1,5,11,'2017-11-27 00:33:44','2017-11-27 00:33:44'),(77,'D36',1,7,12,'2017-11-27 00:33:44','2017-11-27 00:33:44'),(78,'D37',1,7,9,'2017-11-27 00:33:44','2017-11-27 00:33:44'),(79,'D38',1,7,13,'2017-11-27 00:33:44','2017-11-27 00:33:44'),(80,'D39',1,7,10,'2017-11-27 00:33:44','2017-11-27 00:33:44'),(81,'D40',1,7,11,'2017-11-27 00:33:44','2017-11-27 00:33:44'),(82,'D41',6,8,12,'2017-11-27 00:33:44','2017-11-27 00:33:44'),(83,'D42',6,8,9,'2017-11-27 00:33:44','2017-11-27 00:33:44'),(84,'D43',6,8,13,'2017-11-27 00:33:44','2017-11-27 00:33:44'),(85,'D44',6,8,10,'2017-11-27 00:33:44','2017-11-27 00:33:44'),(86,'D45',6,8,11,'2017-11-27 00:33:44','2017-11-27 00:33:44'),(87,'D46',6,3,12,'2017-11-27 00:33:45','2017-11-27 00:33:45'),(88,'D47',6,3,9,'2017-11-27 00:33:45','2017-11-27 00:33:45'),(89,'D48',6,3,13,'2017-11-27 00:33:45','2017-11-27 00:33:45'),(90,'D49',6,3,10,'2017-11-27 00:33:45','2017-11-27 00:33:45'),(91,'D72',6,4,27,'2017-11-27 00:33:45','2017-11-27 00:33:45'),(92,'D78',6,4,26,'2017-11-27 00:33:45','2017-11-27 00:33:45'),(93,'D90',1,4,27,'2017-11-27 00:33:45','2017-11-27 00:33:45'),(94,'D96',1,4,26,'2017-11-27 00:33:45','2017-11-27 00:33:45');
/*!40000 ALTER TABLE `combination` ENABLE KEYS */;
UNLOCK TABLES;

--
-- Table structure for table `contact`
--

DROP TABLE IF EXISTS `contact`;
/*!40101 SET @saved_cs_client     = @@character_set_client */;
/*!40101 SET character_set_client = utf8 */;
CREATE TABLE `contact` (
  `id` int(11) NOT NULL AUTO_INCREMENT,
  `email` varchar(255) COLLATE utf8mb4_unicode_ci DEFAULT NULL,
  `name` varchar(255) COLLATE utf8mb4_unicode_ci NOT NULL,
  `phone` varchar(255) COLLATE utf8mb4_unicode_ci DEFAULT NULL,
  PRIMARY KEY (`id`)
) ENGINE=InnoDB DEFAULT CHARSET=utf8mb4 COLLATE=utf8mb4_unicode_ci;
/*!40101 SET character_set_client = @saved_cs_client */;

--
-- Dumping data for table `contact`
--

LOCK TABLES `contact` WRITE;
/*!40000 ALTER TABLE `contact` DISABLE KEYS */;
/*!40000 ALTER TABLE `contact` ENABLE KEYS */;
UNLOCK TABLES;

--
-- Table structure for table `subject`
--

DROP TABLE IF EXISTS `subject`;
/*!40101 SET @saved_cs_client     = @@character_set_client */;
/*!40101 SET character_set_client = utf8 */;
CREATE TABLE `subject` (
  `id` int(11) NOT NULL AUTO_INCREMENT,
  `name` varchar(256) NOT NULL,
  `created_at` timestamp NOT NULL DEFAULT CURRENT_TIMESTAMP,
  `updated_at` timestamp NOT NULL DEFAULT CURRENT_TIMESTAMP ON UPDATE CURRENT_TIMESTAMP,
  PRIMARY KEY (`id`),
  UNIQUE KEY `name` (`name`)
) ENGINE=InnoDB AUTO_INCREMENT=29 DEFAULT CHARSET=utf8;
/*!40101 SET character_set_client = @saved_cs_client */;

--
-- Dumping data for table `subject`
--

LOCK TABLES `subject` WRITE;
/*!40000 ALTER TABLE `subject` DISABLE KEYS */;
INSERT INTO `subject` VALUES (1,'Toán','2017-11-27 00:09:18','2017-11-27 15:07:41'),(2,'Vật Lý','2017-11-27 00:09:18','2017-11-27 15:07:41'),(3,'Hóa Học','2017-11-27 00:09:18','2017-11-27 15:07:41'),(4,'Tiếng Anh','2017-11-27 00:09:18','2017-11-27 15:07:41'),(5,'Sinh Học','2017-11-27 00:09:18','2017-11-27 15:07:41'),(6,'Ngữ Văn','2017-11-27 00:09:18','2017-11-27 15:07:41'),(7,'Lịch Sử','2017-11-27 00:09:18','2017-11-27 15:07:41'),(8,'Địa Lý','2017-11-27 00:09:18','2017-11-27 15:07:41'),(9,'Tiếng Nga','2017-11-27 00:09:18','2017-11-27 15:07:41'),(10,'Tiếng Pháp','2017-11-27 00:09:18','2017-11-27 15:07:41'),(11,'Tiếng Trung','2017-11-27 00:09:18','2017-11-27 15:07:41'),(12,'Tiếng Đức','2017-11-27 00:09:18','2017-11-27 15:07:41'),(13,'Tiếng Nhật','2017-11-27 00:09:18','2017-11-27 15:07:41'),(14,'Năng Khiếu Vẽ NT 1','2017-11-27 00:09:18','2017-11-27 15:07:41'),(15,'Năng Khiếu Vẽ NT 2','2017-11-27 00:09:18','2017-11-27 15:07:41'),(16,'Vẽ Mỹ Thuật','2017-11-27 00:09:18','2017-11-27 15:07:41'),(17,'Năng Khiếu Âm Nhạc 1','2017-11-27 00:09:18','2017-11-27 15:07:41'),(18,'Năng Khiếu Âm Nhạc 2','2017-11-27 00:09:18','2017-11-27 15:07:41'),(19,'Đọc Diễn Cảm','2017-11-27 00:09:18','2017-11-27 15:07:41'),(20,'Hát','2017-11-27 00:09:18','2017-11-27 15:07:41'),(21,'Năng Khiếu THTT','2017-11-27 00:09:18','2017-11-27 15:07:41'),(22,'Năng Khiếu SKDA 1','2017-11-27 00:09:18','2017-11-27 15:07:41'),(23,'Năng Khiếu SKDA 2','2017-11-27 00:09:18','2017-11-27 15:07:41'),(24,'Năng Khiếu Báo Chí','2017-11-27 00:09:18','2017-11-27 15:07:41'),(25,'Kỹ Thuật Nghề','2017-11-27 00:09:18','2017-11-27 15:07:41'),(26,'Khoa Học Xã Hội','2017-11-27 00:09:18','2017-11-27 15:07:41'),(27,'Khoa Học Tự Nhiên','2017-11-27 00:09:18','2017-11-27 15:07:41'),(28,'GDCD','2017-11-27 00:09:18','2017-11-27 00:09:18');
/*!40000 ALTER TABLE `subject` ENABLE KEYS */;
UNLOCK TABLES;

--
-- Table structure for table `universal_point`
--

DROP TABLE IF EXISTS `universal_point`;
/*!40101 SET @saved_cs_client     = @@character_set_client */;
/*!40101 SET character_set_client = utf8 */;
CREATE TABLE `universal_point` (
  `id` int(11) NOT NULL AUTO_INCREMENT,
  `block_name` varchar(64) NOT NULL,
  `less1` int(11) NOT NULL,
  `less2` int(11) NOT NULL,
  `less3` int(11) NOT NULL,
  `less4` int(11) NOT NULL,
  `less5` int(11) NOT NULL,
  `less6` int(11) NOT NULL,
  `less7` int(11) NOT NULL,
  `less8` int(11) NOT NULL,
  `less9` int(11) NOT NULL,
  `less10` int(11) NOT NULL,
  `less11` int(11) NOT NULL,
  `less12` int(11) NOT NULL,
  `less13` int(11) NOT NULL,
  `less14` int(11) NOT NULL,
  `less15` int(11) NOT NULL,
  `less16` int(11) NOT NULL,
  `less17` int(11) NOT NULL,
  `less18` int(11) NOT NULL,
  `less19` int(11) NOT NULL,
  `less20` int(11) NOT NULL,
  `less21` int(11) NOT NULL,
  `less22` int(11) NOT NULL,
  `less23` int(11) NOT NULL,
  `less24` int(11) NOT NULL,
  `less25` int(11) NOT NULL,
  `less26` int(11) NOT NULL,
  `less27` int(11) NOT NULL,
  `less28` int(11) NOT NULL,
  `less29` int(11) NOT NULL,
  `less30` int(11) NOT NULL,
  `created_at` timestamp NOT NULL DEFAULT CURRENT_TIMESTAMP,
  `updated_at` timestamp NOT NULL DEFAULT CURRENT_TIMESTAMP ON UPDATE CURRENT_TIMESTAMP,
  PRIMARY KEY (`id`)
) ENGINE=InnoDB AUTO_INCREMENT=11 DEFAULT CHARSET=utf8;
/*!40101 SET character_set_client = @saved_cs_client */;

--
-- Dumping data for table `universal_point`
--

LOCK TABLES `universal_point` WRITE;
/*!40000 ALTER TABLE `universal_point` DISABLE KEYS */;
INSERT INTO `universal_point` VALUES (1,'Khối A năm 2017',252,1,7,14,99,712,3102,7810,12094,14762,16475,18561,21318,24220,26793,29036,30156,30544,29974,28381,25786,22544,18911,15017,11402,8388,5502,3239,1186,217,'2017-11-30 03:24:31','2017-11-30 03:52:06'),(2,'Khối B năm 2017',226,1,4,13,63,448,2080,5506,9658,13585,17383,21277,25474,29637,33096,34887,35155,33129,30328,26360,22079,17360,13065,9436,6478,4429,3276,2272,1218,342,'2017-11-30 03:24:31','2017-11-30 03:52:06'),(3,'Khối C năm 2017',2,7,54,80,74,318,1109,2786,6157,10845,17410,26209,35121,43667,50554,54069,52577,47998,40857,32466,24537,17302,11978,7889,5210,3276,1560,529,75,0,'2017-11-30 03:24:31','2017-11-30 03:52:06'),(4,'Khối D năm 2017',3,1,2,5,72,716,2903,8555,17455,29970,44341,57814,67547,72482,72181,68273,61188,53680,45565,38012,30496,24460,19368,14565,9838,5714,2500,629,46,0,'2017-11-30 03:24:31','2017-11-30 03:52:06'),(5,'Khối A1 năm 2017',146,0,0,5,31,353,1817,5238,9339,12779,16137,19491,23254,26608,29573,31090,31594,30735,28998,26107,22632,19169,15062,11489,8273,5416,3276,1522,415,38,'2017-11-30 03:24:31','2017-11-30 03:52:06'),(6,'Khối A năm 2016',0,0,0,2,50,295,906,2025,3449,5191,7076,9219,11619,13988,16375,18973,21576,23648,25137,23794,21055,16573,12215,8050,5251,2973,1329,417,52,2,'2017-11-30 03:24:31','2017-11-30 03:52:06'),(7,'Khối B năm 2016',0,0,0,2,34,255,918,1877,3366,4703,5715,6584,7247,7746,8158,8398,8329,8304,7866,7082,6067,4920,3995,2939,2073,1298,685,231,38,0,'2017-11-30 03:24:31','2017-11-30 03:52:06'),(8,'Khối C năm 2016',0,6,39,104,267,525,1079,1976,3067,4595,6363,8404,9923,11095,11674,11453,10538,9327,7915,6569,5028,3877,2936,2193,1423,712,305,72,4,0,'2017-11-30 03:24:31','2017-11-30 03:52:06'),(9,'Khối D năm 2016',0,1,16,153,930,3318,9086,19314,34830,53432,69502,80137,82210,75943,63737,48908,34987,24732,18098,13497,9946,6985,4827,2964,1540,618,186,28,1,0,'2017-11-30 03:24:31','2017-11-30 06:03:00'),(10,'Khối A1 năm 2016',0,0,0,3,100,567,1920,4155,6951,10638,14758,19573,24082,28218,32019,34277,31941,25836,19665,14518,10324,7192,4645,2936,1661,802,310,78,9,0,'2017-11-30 03:24:31','2017-11-30 03:52:06');
/*!40000 ALTER TABLE `universal_point` ENABLE KEYS */;
UNLOCK TABLES;

--
-- Table structure for table `university`
--

DROP TABLE IF EXISTS `university`;
/*!40101 SET @saved_cs_client     = @@character_set_client */;
/*!40101 SET character_set_client = utf8 */;
CREATE TABLE `university` (
  `id` int(11) NOT NULL AUTO_INCREMENT,
  `code` varchar(256) NOT NULL,
  `name` varchar(256) NOT NULL,
  `geographic` varchar(256) NOT NULL DEFAULT 'Hà Nội',
  `rank` int(11) NOT NULL DEFAULT '101',
  `receiving_time` timestamp NOT NULL DEFAULT '2017-08-09 17:00:00',
  `deadline_time` timestamp NOT NULL DEFAULT '2010-08-31 10:00:00',
  `created_at` timestamp NOT NULL DEFAULT CURRENT_TIMESTAMP,
  `updated_at` timestamp NOT NULL DEFAULT CURRENT_TIMESTAMP ON UPDATE CURRENT_TIMESTAMP,
  PRIMARY KEY (`id`),
  UNIQUE KEY `code` (`code`),
  UNIQUE KEY `name` (`name`)
) ENGINE=InnoDB DEFAULT CHARSET=utf8;
/*!40101 SET character_set_client = @saved_cs_client */;

--
-- Dumping data for table `university`
--

LOCK TABLES `university` WRITE;
/*!40000 ALTER TABLE `university` DISABLE KEYS */;
/*!40000 ALTER TABLE `university` ENABLE KEYS */;
UNLOCK TABLES;

--
-- Table structure for table `university_detail`
--

DROP TABLE IF EXISTS `university_detail`;
/*!40101 SET @saved_cs_client     = @@character_set_client */;
/*!40101 SET character_set_client = utf8 */;
CREATE TABLE `university_detail` (
  `id` int(11) NOT NULL AUTO_INCREMENT,
  `univ_code` varchar(64) NOT NULL,
  `univ_name` varchar(256) NOT NULL,
  `univ_level` varchar(64) NOT NULL DEFAULT 'Đại học',
  `branch_name` varchar(256) NOT NULL,
  `branch_code` varchar(64) NOT NULL,
  `combination_code` varchar(256) NOT NULL,
  `amount_student` int(11) NOT NULL,
  `type_admission` varchar(64) NOT NULL DEFAULT 'Kết quả thi THPT QG',
  `total_score` float(7,2) NOT NULL,
  `receive_time` timestamp NOT NULL DEFAULT CURRENT_TIMESTAMP,
  `deadline_time` timestamp NOT NULL DEFAULT CURRENT_TIMESTAMP,
  `geographic` varchar(256) NOT NULL DEFAULT 'Hà Nội',
  `univ_rank` int(11) NOT NULL DEFAULT '10',
  `last_year_base_mark` int(11) NOT NULL,
  `last_year_amount_student` int(11) NOT NULL,
  `created_at` timestamp NOT NULL DEFAULT CURRENT_TIMESTAMP,
  `updated_at` timestamp NOT NULL DEFAULT CURRENT_TIMESTAMP ON UPDATE CURRENT_TIMESTAMP,
  PRIMARY KEY (`id`)
) ENGINE=InnoDB AUTO_INCREMENT=338 DEFAULT CHARSET=utf8;
/*!40101 SET character_set_client = @saved_cs_client */;

--
-- Dumping data for table `university_detail`
--

LOCK TABLES `university_detail` WRITE;
/*!40000 ALTER TABLE `university_detail` DISABLE KEYS */;
INSERT INTO `university_detail` VALUES (1,'BPH','Học viện biên phòng','Đại học','Sư phạm Quốc phòng và an ninh','52140208','C00',41,'Kết quả thi THPT QG',23.75,'2017-08-12 17:00:00','2017-08-16 17:00:00','Hà Nội',3,25,36,'2017-11-30 04:23:48','2017-11-30 04:23:48'),(2,'CSH_DS','Học viện CSND','Đại học','Ngành Luật','52380101','A00',96,'Kết quả thi THPT QG',15.75,'2017-08-12 17:00:00','2017-08-19 17:00:00','Hà Nội',5,16,86,'2017-11-30 04:23:48','2017-11-30 04:23:48'),(3,'CSH_DS','Học viện CSND','Đại học','Ngành Luật','52380101','A01',96,'Kết quả thi THPT QG',16.00,'2017-08-12 17:00:00','2017-08-19 17:00:00','Hà Nội',5,16,92,'2017-11-30 04:23:48','2017-11-30 04:23:48'),(4,'CSH_DS','Học viện CSND','Đại học','Ngành Luật','52380101','C03',96,'Kết quả thi THPT QG',15.50,'2017-08-12 17:00:00','2017-08-19 17:00:00','Hà Nội',5,15,68,'2017-11-30 04:23:48','2017-11-30 04:23:48'),(5,'CSH_DS','Học viện CSND','Đại học','Ngành Luật','52380101','D01',96,'Kết quả thi THPT QG',15.75,'2017-08-12 17:00:00','2017-08-19 17:00:00','Hà Nội',5,17,101,'2017-11-30 04:23:48','2017-11-30 04:23:48'),(6,'CSH_DS','Học viện CSND','Đại học','Ngành Luật','52380101','D01',96,'Kết quả thi THPT QG',15.75,'2017-08-12 17:00:00','2017-08-19 17:00:00','Hà Nội',5,16,125,'2017-11-30 04:23:48','2017-11-30 04:23:48'),(7,'LDA','Đại học Công Đoàn','Đại học','Quản trị kinh doanh','52340408','A00',40,'Kết quả thi THPT QG',20.50,'2017-08-12 17:00:00','2017-08-20 17:00:00','Hà Nội',5,23,47,'2017-11-30 04:23:48','2017-11-30 04:23:48'),(8,'LDA','Đại học Công Đoàn','Đại học','Quản trị kinh doanh','52340408','A01',40,'Kết quả thi THPT QG',20.50,'2017-08-12 17:00:00','2017-08-20 17:00:00','Hà Nội',4,21,41,'2017-11-30 04:23:48','2017-11-30 04:23:48'),(9,'LDA','Đại học Công Đoàn','Đại học','Quản trị kinh doanh','52340408','D01',40,'Kết quả thi THPT QG',20.50,'2017-08-12 17:00:00','2017-08-20 17:00:00','Hà Nội',4,22,52,'2017-11-30 04:23:48','2017-11-30 04:23:48'),(10,'LDA','Đại học Công Đoàn','Đại học','Quan hệ lao động','52340408','A00',40,'Kết quả thi THPT QG',16.25,'2017-08-12 17:00:00','2017-08-20 17:00:00','Hà Nội',6,18,59,'2017-11-30 04:23:48','2017-11-30 04:23:48'),(11,'LDA','Đại học Công Đoàn','Đại học','Quan hệ lao động','52340408','A01',40,'Kết quả thi THPT QG',16.25,'2017-08-12 17:00:00','2017-08-20 17:00:00','Hà Nội',4,17,39,'2017-11-30 04:23:48','2017-11-30 04:23:48'),(12,'LDA','Đại học Công Đoàn','Đại học','Quan hệ lao động','52340408','D01',40,'Kết quả thi THPT QG',16.25,'2017-08-12 17:00:00','2017-08-20 17:00:00','Hà Nội',6,16,56,'2017-11-30 04:23:48','2017-11-30 04:23:48'),(13,'LDA','Đại học Công Đoàn','Đại học','Xã hội học','52310301','A01',45,'Kết quả thi THPT QG',20.50,'2017-08-12 17:00:00','2017-08-20 17:00:00','Hà Nội',5,22,41,'2017-11-30 04:23:48','2017-11-30 04:23:48'),(14,'LDA','Đại học Công Đoàn','Đại học','Xã hội học','52310301','D01',45,'Kết quả thi THPT QG',20.50,'2017-08-12 17:00:00','2017-08-20 17:00:00','Hà Nội',4,22,34,'2017-11-30 04:23:48','2017-11-30 04:23:48'),(15,'LDA','Đại học Công Đoàn','Đại học','Xã hội học','52310301','C00',45,'Kết quả thi THPT QG',21.50,'2017-08-12 17:00:00','2017-08-20 17:00:00','Hà Nội',4,22,39,'2017-11-30 04:23:48','2017-11-30 04:23:48'),(16,'LDA','Đại học Công Đoàn','Đại học','Công tác xã hội','52760101','A01',45,'Kết quả thi THPT QG',21.75,'2017-08-12 17:00:00','2017-08-20 17:00:00','Hà Nội',3,21,66,'2017-11-30 04:23:48','2017-11-30 04:23:48'),(17,'LDA','Đại học Công Đoàn','Đại học','Công tác xã hội','52760101','D01',45,'Kết quả thi THPT QG',21.75,'2017-08-12 17:00:00','2017-08-20 17:00:00','Hà Nội',2,24,37,'2017-11-30 04:23:48','2017-11-30 04:23:48'),(18,'LDA','Đại học Công Đoàn','Đại học','Công tác xã hội','52760101','C00',45,'Kết quả thi THPT QG',22.75,'2017-08-12 17:00:00','2017-08-20 17:00:00','Hà Nội',3,23,59,'2017-11-30 04:23:48','2017-11-30 04:23:48'),(19,'LDA','Đại học Công Đoàn','Đại học','Ngành Luật','52380101','A01',40,'Kết quả thi THPT QG',23.75,'2017-08-12 17:00:00','2017-08-20 17:00:00','Hà Nội',2,24,51,'2017-11-30 04:23:48','2017-11-30 04:23:48'),(20,'LDA','Đại học Công Đoàn','Đại học','Ngành Luật','52380101','D01',40,'Kết quả thi THPT QG',23.75,'2017-08-12 17:00:00','2017-08-20 17:00:00','Hà Nội',2,25,49,'2017-11-30 04:23:48','2017-11-30 04:23:48'),(21,'LDA','Đại học Công Đoàn','Đại học','Ngành Luật','52380101','C00',40,'Kết quả thi THPT QG',24.75,'2017-08-12 17:00:00','2017-08-20 17:00:00','Hà Nội',2,26,56,'2017-11-30 04:23:48','2017-11-30 04:23:48'),(22,'CEA','Đại học kinh tế Nghệ An','Đại học','Kế toán','52340301','A00',55,'Kết quả thi THPT QG',15.50,'2017-08-12 17:00:00','2017-08-30 17:00:00','Nghệ An',5,16,67,'2017-11-30 04:23:48','2017-11-30 04:23:48'),(23,'CEA','Đại học kinh tế Nghệ An','Đại học','Kế toán','52340301','D01',55,'Kết quả thi THPT QG',15.50,'2017-08-12 17:00:00','2017-08-30 17:00:00','Nghệ An',4,17,71,'2017-11-30 04:23:48','2017-11-30 04:23:48'),(24,'CEA','Đại học kinh tế Nghệ An','Đại học','Kế toán','52340301','A01',55,'Kết quả thi THPT QG',15.50,'2017-08-12 17:00:00','2017-08-30 17:00:00','Nghệ An',4,17,80,'2017-11-30 04:23:48','2017-11-30 04:23:48'),(25,'CEA','Đại học kinh tế Nghệ An','Đại học','Kế toán','52340301','B00',55,'Kết quả thi THPT QG',15.50,'2017-08-12 17:00:00','2017-08-30 17:00:00','Nghệ An',6,15,54,'2017-11-30 04:23:48','2017-11-30 04:23:48'),(26,'CEA','Đại học kinh tế Nghệ An','Đại học','Kế toán','52340301','A00',162,'Phương thức khác',15.50,'2017-08-12 17:00:00','2017-08-30 17:00:00','Nghệ An',5,18,121,'2017-11-30 04:23:48','2017-11-30 04:23:48'),(27,'CEA','Đại học kinh tế Nghệ An','Đại học','Kế toán','52340301','D01',162,'Phương thức khác',15.50,'2017-08-12 17:00:00','2017-08-30 17:00:00','Nghệ An',6,17,181,'2017-11-30 04:23:48','2017-11-30 04:23:48'),(28,'CEA','Đại học kinh tế Nghệ An','Đại học','Kế toán','52340301','A01',162,'Phương thức khác',15.50,'2017-08-12 17:00:00','2017-08-30 17:00:00','Nghệ An',5,16,224,'2017-11-30 04:23:48','2017-11-30 04:23:48'),(29,'CEA','Đại học kinh tế Nghệ An','Đại học','Kế toán','52340301','B00',162,'Phương thức khác',15.50,'2017-08-12 17:00:00','2017-08-30 17:00:00','Nghệ An',5,18,217,'2017-11-30 04:23:48','2017-11-30 04:23:48'),(30,'CEA','Đại học kinh tế Nghệ An','Đại học','Quản trị kinh doanh','52340101','A00',57,'Kết quả thi THPT QG',15.50,'2017-08-12 17:00:00','2017-08-30 17:00:00','Nghệ An',5,18,40,'2017-11-30 04:23:48','2017-11-30 04:23:48'),(31,'CEA','Đại học kinh tế Nghệ An','Đại học','Quản trị kinh doanh','52340101','D01',57,'Kết quả thi THPT QG',15.50,'2017-08-12 17:00:00','2017-08-30 17:00:00','Nghệ An',5,16,42,'2017-11-30 04:23:48','2017-11-30 04:23:48'),(32,'CEA','Đại học kinh tế Nghệ An','Đại học','Quản trị kinh doanh','52340101','A01',57,'Kết quả thi THPT QG',15.50,'2017-08-12 17:00:00','2017-08-30 17:00:00','Nghệ An',4,16,59,'2017-11-30 04:23:48','2017-11-30 04:23:48'),(33,'CEA','Đại học kinh tế Nghệ An','Đại học','Quản trị kinh doanh','52340101','B00',57,'Kết quả thi THPT QG',15.50,'2017-08-12 17:00:00','2017-08-30 17:00:00','Nghệ An',5,15,44,'2017-11-30 04:23:48','2017-11-30 04:23:48'),(34,'CEA','Đại học kinh tế Nghệ An','Đại học','Quản trị kinh doanh','52340101','A00',134,'Phương thức khác',15.50,'2017-08-12 17:00:00','2017-08-30 17:00:00','Nghệ An',6,17,108,'2017-11-30 04:23:48','2017-11-30 04:23:48'),(35,'CEA','Đại học kinh tế Nghệ An','Đại học','Quản trị kinh doanh','52340101','D01',134,'Phương thức khác',15.50,'2017-08-12 17:00:00','2017-08-30 17:00:00','Nghệ An',6,17,199,'2017-11-30 04:23:48','2017-11-30 04:23:48'),(36,'CEA','Đại học kinh tế Nghệ An','Đại học','Quản trị kinh doanh','52340101','A01',134,'Phương thức khác',15.50,'2017-08-12 17:00:00','2017-08-30 17:00:00','Nghệ An',5,18,175,'2017-11-30 04:23:48','2017-11-30 04:23:48'),(37,'CEA','Đại học kinh tế Nghệ An','Đại học','Quản trị kinh doanh','52340101','B00',134,'Phương thức khác',15.50,'2017-08-12 17:00:00','2017-08-30 17:00:00','Nghệ An',6,18,133,'2017-11-30 04:23:48','2017-11-30 04:23:48'),(38,'CEA','Đại học kinh tế Nghệ An','Đại học','Kinh tế','52310101','A00',29,'Kết quả thi THPT QG',15.50,'2017-08-12 17:00:00','2017-08-30 17:00:00','Nghệ An',6,18,22,'2017-11-30 04:23:48','2017-11-30 04:23:48'),(39,'CEA','Đại học kinh tế Nghệ An','Đại học','Kinh tế','52310101','D01',29,'Kết quả thi THPT QG',15.50,'2017-08-12 17:00:00','2017-08-30 17:00:00','Nghệ An',4,16,20,'2017-11-30 04:23:48','2017-11-30 04:23:48'),(40,'CEA','Đại học kinh tế Nghệ An','Đại học','Kinh tế','52310101','A01',29,'Kết quả thi THPT QG',15.50,'2017-08-12 17:00:00','2017-08-30 17:00:00','Nghệ An',4,17,21,'2017-11-30 04:23:48','2017-11-30 04:23:48'),(41,'CEA','Đại học kinh tế Nghệ An','Đại học','Kinh tế','52310101','B00',29,'Kết quả thi THPT QG',15.50,'2017-08-12 17:00:00','2017-08-30 17:00:00','Nghệ An',6,18,40,'2017-11-30 04:23:48','2017-11-30 04:23:48'),(42,'CEA','Đại học kinh tế Nghệ An','Đại học','Kinh tế','52310101','A00',67,'Phương thức khác',15.50,'2017-08-12 17:00:00','2017-08-30 17:00:00','Nghệ An',6,18,91,'2017-11-30 04:23:48','2017-11-30 04:23:48'),(43,'CEA','Đại học kinh tế Nghệ An','Đại học','Kinh tế','52310101','D01',67,'Phương thức khác',15.50,'2017-08-12 17:00:00','2017-08-30 17:00:00','Nghệ An',5,15,86,'2017-11-30 04:23:48','2017-11-30 04:23:48'),(44,'CEA','Đại học kinh tế Nghệ An','Đại học','Kinh tế','52310101','A01',67,'Phương thức khác',15.50,'2017-08-12 17:00:00','2017-08-30 17:00:00','Nghệ An',6,17,50,'2017-11-30 04:23:48','2017-11-30 04:23:48'),(45,'CEA','Đại học kinh tế Nghệ An','Đại học','Kinh tế','52310101','B00',67,'Phương thức khác',15.50,'2017-08-12 17:00:00','2017-08-30 17:00:00','Nghệ An',6,18,66,'2017-11-30 04:23:48','2017-11-30 04:23:48'),(46,'CEA','Đại học kinh tế Nghệ An','Đại học','Quản lý đất đai','52850103','A00',12,'Kết quả thi THPT QG',15.50,'2017-08-12 17:00:00','2017-08-30 17:00:00','Nghệ An',6,17,12,'2017-11-30 04:23:48','2017-11-30 04:23:48'),(47,'CEA','Đại học kinh tế Nghệ An','Đại học','Quản lý đất đai','52850103','D01',12,'Kết quả thi THPT QG',15.50,'2017-08-12 17:00:00','2017-08-30 17:00:00','Nghệ An',4,17,10,'2017-11-30 04:23:48','2017-11-30 04:23:48'),(48,'CEA','Đại học kinh tế Nghệ An','Đại học','Quản lý đất đai','52850103','B00',12,'Kết quả thi THPT QG',15.50,'2017-08-12 17:00:00','2017-08-30 17:00:00','Nghệ An',6,17,17,'2017-11-30 04:23:48','2017-11-30 04:23:48'),(49,'CEA','Đại học kinh tế Nghệ An','Đại học','Quản lý đất đai','52850103','A01',12,'Kết quả thi THPT QG',15.50,'2017-08-12 17:00:00','2017-08-30 17:00:00','Nghệ An',6,17,13,'2017-11-30 04:23:48','2017-11-30 04:23:48'),(50,'CEA','Đại học kinh tế Nghệ An','Đại học','Quản lý đất đai','52850103','B00',28,'Phương thức khác',15.50,'2017-08-12 17:00:00','2017-08-30 17:00:00','Nghệ An',5,15,22,'2017-11-30 04:23:48','2017-11-30 04:23:48'),(51,'CEA','Đại học kinh tế Nghệ An','Đại học','Quản lý đất đai','52850103','D01',28,'Phương thức khác',15.50,'2017-08-12 17:00:00','2017-08-30 17:00:00','Nghệ An',4,15,33,'2017-11-30 04:23:48','2017-11-30 04:23:48'),(52,'CEA','Đại học kinh tế Nghệ An','Đại học','Quản lý đất đai','52850103','A01',28,'Phương thức khác',15.50,'2017-08-12 17:00:00','2017-08-30 17:00:00','Nghệ An',6,17,36,'2017-11-30 04:23:48','2017-11-30 04:23:48'),(53,'CEA','Đại học kinh tế Nghệ An','Đại học','Quản lý đất đai','52850103','A00',28,'Phương thức khác',15.50,'2017-08-12 17:00:00','2017-08-30 17:00:00','Nghệ An',6,17,31,'2017-11-30 04:23:48','2017-11-30 04:23:48'),(54,'CEA','Đại học kinh tế Nghệ An','Đại học','Thú y','52640101','A00',57,'Kết quả thi THPT QG',15.50,'2017-08-12 17:00:00','2017-08-30 17:00:00','Nghệ An',5,16,40,'2017-11-30 04:23:48','2017-11-30 04:23:48'),(55,'CEA','Đại học kinh tế Nghệ An','Đại học','Thú y','52640101','D01',57,'Kết quả thi THPT QG',15.50,'2017-08-12 17:00:00','2017-08-30 17:00:00','Nghệ An',5,17,60,'2017-11-30 04:23:48','2017-11-30 04:23:48'),(56,'CEA','Đại học kinh tế Nghệ An','Đại học','Thú y','52640101','A01',57,'Kết quả thi THPT QG',15.50,'2017-08-12 17:00:00','2017-08-30 17:00:00','Nghệ An',4,18,63,'2017-11-30 04:23:48','2017-11-30 04:23:48'),(57,'CEA','Đại học kinh tế Nghệ An','Đại học','Thú y','52640101','B00',57,'Kết quả thi THPT QG',15.50,'2017-08-12 17:00:00','2017-08-30 17:00:00','Nghệ An',5,18,49,'2017-11-30 04:23:48','2017-11-30 04:23:48'),(58,'CEA','Đại học kinh tế Nghệ An','Đại học','Thú y','52640101','A00',133,'Phương thức khác',15.50,'2017-08-12 17:00:00','2017-08-30 17:00:00','Nghệ An',6,17,137,'2017-11-30 04:23:48','2017-11-30 04:23:48'),(59,'CEA','Đại học kinh tế Nghệ An','Đại học','Thú y','52640101','D01',133,'Phương thức khác',15.50,'2017-08-12 17:00:00','2017-08-30 17:00:00','Nghệ An',5,18,117,'2017-11-30 04:23:48','2017-11-30 04:23:48'),(60,'CEA','Đại học kinh tế Nghệ An','Đại học','Thú y','52640101','A01',133,'Phương thức khác',15.50,'2017-08-12 17:00:00','2017-08-30 17:00:00','Nghệ An',5,16,115,'2017-11-30 04:23:48','2017-11-30 04:23:48'),(61,'CEA','Đại học kinh tế Nghệ An','Đại học','Thú y','52640101','B00',133,'Phương thức khác',15.50,'2017-08-12 17:00:00','2017-08-30 17:00:00','Nghệ An',5,15,162,'2017-11-30 04:23:48','2017-11-30 04:23:48'),(62,'CEA','Đại học kinh tế Nghệ An','Đại học','Lâm nghiệp','52620201','A00',9,'Kết quả thi THPT QG',15.50,'2017-08-12 17:00:00','2017-08-30 17:00:00','Nghệ An',5,17,6,'2017-11-30 04:23:48','2017-11-30 04:23:48'),(63,'CEA','Đại học kinh tế Nghệ An','Đại học','Lâm nghiệp','52620201','D01',9,'Kết quả thi THPT QG',15.50,'2017-08-12 17:00:00','2017-08-30 17:00:00','Nghệ An',5,15,8,'2017-11-30 04:23:48','2017-11-30 04:23:48'),(64,'CEA','Đại học kinh tế Nghệ An','Đại học','Lâm nghiệp','52620201','B00',9,'Kết quả thi THPT QG',15.50,'2017-08-12 17:00:00','2017-08-30 17:00:00','Nghệ An',5,15,9,'2017-11-30 04:23:48','2017-11-30 04:23:48'),(65,'CEA','Đại học kinh tế Nghệ An','Đại học','Lâm nghiệp','52620201','A01',9,'Kết quả thi THPT QG',15.50,'2017-08-12 17:00:00','2017-08-30 17:00:00','Nghệ An',5,17,10,'2017-11-30 04:23:48','2017-11-30 04:23:48'),(66,'CEA','Đại học kinh tế Nghệ An','Đại học','Khoa học cây trồng','52620110','A00',11,'Kết quả thi THPT QG',15.50,'2017-08-12 17:00:00','2017-08-30 17:00:00','Nghệ An',5,17,11,'2017-11-30 04:23:48','2017-11-30 04:23:48'),(67,'CEA','Đại học kinh tế Nghệ An','Đại học','Khoa học cây trồng','52620110','D01',11,'Kết quả thi THPT QG',15.50,'2017-08-12 17:00:00','2017-08-30 17:00:00','Nghệ An',5,16,14,'2017-11-30 04:23:48','2017-11-30 04:23:48'),(68,'CEA','Đại học kinh tế Nghệ An','Đại học','Khoa học cây trồng','52620110','A01',11,'Kết quả thi THPT QG',15.50,'2017-08-12 17:00:00','2017-08-30 17:00:00','Nghệ An',5,15,13,'2017-11-30 04:23:48','2017-11-30 04:23:48'),(69,'CEA','Đại học kinh tế Nghệ An','Đại học','Khoa học cây trồng','52620110','B00',11,'Kết quả thi THPT QG',15.50,'2017-08-12 17:00:00','2017-08-30 17:00:00','Nghệ An',4,16,11,'2017-11-30 04:23:48','2017-11-30 04:23:48'),(70,'DTL','Đại học Thăng Long','Đại học','Thanh nhạc','5221020','N00',30,'Kết quả thi THPT QG',15.00,'2017-08-12 17:00:00','2017-08-30 17:00:00','Hà Nội',7,16,27,'2017-11-30 04:23:48','2017-11-30 04:23:48'),(71,'DTL','Đại học Thăng Long','Đại học','Nhóm ngành kinh tế - quản lý','KQ01','A00',62,'Kết quả thi THPT QG',15.00,'2017-08-12 17:00:00','2017-08-30 17:00:00','Hà Nội',5,17,78,'2017-11-30 04:23:48','2017-11-30 04:23:48'),(72,'DTL','Đại học Thăng Long','Đại học','Nhóm ngành kinh tế - quản lý','KQ01','D03',62,'Kết quả thi THPT QG',15.00,'2017-08-12 17:00:00','2017-08-30 17:00:00','Hà Nội',7,16,80,'2017-11-30 04:23:48','2017-11-30 04:23:48'),(73,'DTL','Đại học Thăng Long','Đại học','Nhóm ngành kinh tế - quản lý','KQ01','D01',62,'Kết quả thi THPT QG',15.00,'2017-08-12 17:00:00','2017-08-30 17:00:00','Hà Nội',7,15,50,'2017-11-30 04:23:48','2017-11-30 04:23:48'),(74,'DTL','Đại học Thăng Long','Đại học','Nhóm ngành kinh tế - quản lý','KQ01','A01',62,'Kết quả thi THPT QG',15.00,'2017-08-12 17:00:00','2017-08-30 17:00:00','Hà Nội',6,17,57,'2017-11-30 04:23:48','2017-11-30 04:23:48'),(75,'DTL','Đại học Thăng Long','Đại học','Nhóm ngành toán - tin','TT01','A00',35,'Kết quả thi THPT QG',15.00,'2017-08-12 17:00:00','2017-08-30 17:00:00','Hà Nội',5,16,42,'2017-11-30 04:23:48','2017-11-30 04:23:48'),(76,'DTL','Đại học Thăng Long','Đại học','Nhóm ngành toán - tin','TT01','A01',35,'Kết quả thi THPT QG',15.00,'2017-08-12 17:00:00','2017-08-30 17:00:00','Hà Nội',6,15,41,'2017-11-30 04:23:48','2017-11-30 04:23:48'),(77,'DTL','Đại học Thăng Long','Đại học','Nhóm ngành Khoa học sức khỏe','SK01','B00',20,'Kết quả thi THPT QG',15.00,'2017-08-12 17:00:00','2017-08-30 17:00:00','Hà Nội',6,17,28,'2017-11-30 04:23:48','2017-11-30 04:23:48'),(78,'DTL','Đại học Thăng Long','Đại học','Nhóm ngành Khoa học xã hội và nhân văn','XN01','C00',20,'Kết quả thi THPT QG',15.00,'2017-08-12 17:00:00','2017-08-30 17:00:00','Hà Nội',5,17,18,'2017-11-30 04:23:48','2017-11-30 04:23:48'),(79,'DTL','Đại học Thăng Long','Đại học','Nhóm ngành Khoa học xã hội và nhân văn','XN01','D01',20,'Kết quả thi THPT QG',15.00,'2017-08-12 17:00:00','2017-08-30 17:00:00','Hà Nội',7,17,23,'2017-11-30 04:23:48','2017-11-30 04:23:48'),(80,'DTL','Đại học Thăng Long','Đại học','Nhóm ngành Khoa học xã hội và nhân văn','XN01','D03',20,'Kết quả thi THPT QG',15.00,'2017-08-12 17:00:00','2017-08-30 17:00:00','Hà Nội',5,17,16,'2017-11-30 04:23:48','2017-11-30 04:23:48'),(81,'DTL','Đại học Thăng Long','Đại học','Nhóm ngành Khoa học xã hội và nhân văn','XN01','D04',20,'Kết quả thi THPT QG',15.00,'2017-08-12 17:00:00','2017-08-30 17:00:00','Hà Nội',6,16,25,'2017-11-30 04:23:48','2017-11-30 04:23:48'),(82,'DTL','Đại học Thăng Long','Đại học','Ngôn ngữ Anh','52220201','D01',60,'Kết quả thi THPT QG',15.00,'2017-08-12 17:00:00','2017-08-30 17:00:00','Hà Nội',6,15,86,'2017-11-30 04:23:48','2017-11-30 04:23:48'),(83,'DTL','Đại học Thăng Long','Đại học','Ngôn ngữ Trung Quốc','52220204','D01',10,'Kết quả thi THPT QG',15.00,'2017-08-12 17:00:00','2017-08-30 17:00:00','Hà Nội',6,17,8,'2017-11-30 04:23:48','2017-11-30 04:23:48'),(84,'DTL','Đại học Thăng Long','Đại học','Ngôn ngữ Trung Quốc','52220204','D03',10,'Kết quả thi THPT QG',15.00,'2017-08-12 17:00:00','2017-08-30 17:00:00','Hà Nội',6,17,11,'2017-11-30 04:23:48','2017-11-30 04:23:48'),(85,'DTL','Đại học Thăng Long','Đại học','Ngôn ngữ Trung Quốc','52220204','D04',10,'Kết quả thi THPT QG',15.00,'2017-08-12 17:00:00','2017-08-30 17:00:00','Hà Nội',6,17,9,'2017-11-30 04:23:48','2017-11-30 04:23:48'),(86,'DTL','Đại học Thăng Long','Đại học','Ngôn ngữ Nhật','52220209','D01',60,'Kết quả thi THPT QG',15.00,'2017-08-12 17:00:00','2017-08-30 17:00:00','Hà Nội',6,16,67,'2017-11-30 04:23:48','2017-11-30 04:23:48'),(87,'DTL','Đại học Thăng Long','Đại học','Ngôn ngữ Nhật','52220209','D06',60,'Kết quả thi THPT QG',15.00,'2017-08-12 17:00:00','2017-08-30 17:00:00','Hà Nội',7,16,71,'2017-11-30 04:23:48','2017-11-30 04:23:48'),(88,'DTL','Đại học Thăng Long','Đại học','Ngôn ngữ Hàn Quốc','52220210','D01',10,'Kết quả thi THPT QG',15.00,'2017-08-12 17:00:00','2017-08-30 17:00:00','Hà Nội',6,16,12,'2017-11-30 04:23:48','2017-11-30 04:23:48'),(89,'C22','Cao đẳng sư phạm Hưng Yên','Cao đẳng','Sư phạm Toán học','51140209','A00',46,'Kết quả thi THPT QG',10.00,'2017-08-12 17:00:00','2017-08-30 17:00:00','Hưng Yên',8,12,65,'2017-11-30 04:23:48','2017-11-30 04:23:48'),(90,'C22','Cao đẳng sư phạm Hưng Yên','Cao đẳng','Sư phạm Toán học','51140209','B00',46,'Kết quả thi THPT QG',10.00,'2017-08-12 17:00:00','2017-08-30 17:00:00','Hưng Yên',6,11,51,'2017-11-30 04:23:48','2017-11-30 04:23:48'),(91,'C22','Cao đẳng sư phạm Hưng Yên','Cao đẳng','Sư phạm Toán học','51140209','A02',46,'Kết quả thi THPT QG',10.00,'2017-08-12 17:00:00','2017-08-30 17:00:00','Hưng Yên',7,10,37,'2017-11-30 04:23:48','2017-11-30 04:23:48'),(92,'C22','Cao đẳng sư phạm Hưng Yên','Cao đẳng','Sư phạm Toán học','51140209','A16',46,'Kết quả thi THPT QG',10.00,'2017-08-12 17:00:00','2017-08-30 17:00:00','Hưng Yên',7,10,50,'2017-11-30 04:23:48','2017-11-30 04:23:48'),(93,'C22','Cao đẳng sư phạm Hưng Yên','Cao đẳng','Sư phạm Hóa học','51140212','A16',25,'Kết quả thi THPT QG',25.00,'2017-08-12 17:00:00','2017-08-30 17:00:00','Hưng Yên',2,27,20,'2017-11-30 04:23:48','2017-11-30 04:23:48'),(94,'C22','Cao đẳng sư phạm Hưng Yên','Cao đẳng','Sư phạm Hóa học','51140212','A00',25,'Kết quả thi THPT QG',25.00,'2017-08-12 17:00:00','2017-08-30 17:00:00','Hưng Yên',2,27,29,'2017-11-30 04:23:48','2017-11-30 04:23:48'),(95,'C22','Cao đẳng sư phạm Hưng Yên','Cao đẳng','Sư phạm Hóa học','51140212','B00',25,'Kết quả thi THPT QG',25.00,'2017-08-12 17:00:00','2017-08-30 17:00:00','Hưng Yên',3,25,26,'2017-11-30 04:23:48','2017-11-30 04:23:48'),(96,'C22','Cao đẳng sư phạm Hưng Yên','Cao đẳng','Sư phạm Hóa học','51140212','A02',25,'Kết quả thi THPT QG',25.00,'2017-08-12 17:00:00','2017-08-30 17:00:00','Hưng Yên',3,25,25,'2017-11-30 04:23:48','2017-11-30 04:23:48'),(97,'C22','Cao đẳng sư phạm Hưng Yên','Cao đẳng','Sư phạm Sinh học','51140213','A00',25,'Kết quả thi THPT QG',25.00,'2017-08-12 17:00:00','2017-08-30 17:00:00','Hưng Yên',1,25,22,'2017-11-30 04:23:48','2017-11-30 04:23:48'),(98,'C22','Cao đẳng sư phạm Hưng Yên','Cao đẳng','Sư phạm Sinh học','51140213','B00',25,'Kết quả thi THPT QG',25.00,'2017-08-12 17:00:00','2017-08-30 17:00:00','Hưng Yên',2,26,28,'2017-11-30 04:23:48','2017-11-30 04:23:48'),(99,'C22','Cao đẳng sư phạm Hưng Yên','Cao đẳng','Sư phạm Sinh học','51140213','A02',25,'Kết quả thi THPT QG',25.00,'2017-08-12 17:00:00','2017-08-30 17:00:00','Hưng Yên',2,27,29,'2017-11-30 04:23:48','2017-11-30 04:23:48'),(100,'C22','Cao đẳng sư phạm Hưng Yên','Cao đẳng','Sư phạm Sinh học','51140213','A16',25,'Kết quả thi THPT QG',25.00,'2017-08-12 17:00:00','2017-08-30 17:00:00','Hưng Yên',3,26,22,'2017-11-30 04:23:48','2017-11-30 04:23:48'),(101,'C22','Cao đẳng sư phạm Hưng Yên','Cao đẳng','Sư phạm Ngữ văn','51140217','C00',50,'Kết quả thi THPT QG',25.00,'2017-08-12 17:00:00','2017-08-30 17:00:00','Hưng Yên',3,26,59,'2017-11-30 04:23:48','2017-11-30 04:23:48'),(102,'C22','Cao đẳng sư phạm Hưng Yên','Cao đẳng','Sư phạm Ngữ văn','51140217','C15',50,'Kết quả thi THPT QG',25.00,'2017-08-12 17:00:00','2017-08-30 17:00:00','Hưng Yên',3,25,59,'2017-11-30 04:23:48','2017-11-30 04:23:48'),(103,'C22','Cao đẳng sư phạm Hưng Yên','Cao đẳng','Sư phạm Ngữ văn','51140217','C20',50,'Kết quả thi THPT QG',25.00,'2017-08-12 17:00:00','2017-08-30 17:00:00','Hưng Yên',2,25,55,'2017-11-30 04:23:48','2017-11-30 04:23:48'),(104,'C22','Cao đẳng sư phạm Hưng Yên','Cao đẳng','Sư phạm Ngữ văn','51140217','C19',50,'Kết quả thi THPT QG',25.00,'2017-08-12 17:00:00','2017-08-30 17:00:00','Hưng Yên',2,27,58,'2017-11-30 04:23:48','2017-11-30 04:23:48'),(105,'C22','Cao đẳng sư phạm Hưng Yên','Cao đẳng','Giáo dục Tiểu học','51140202','D01',27,'Kết quả thi THPT QG',10.00,'2017-08-12 17:00:00','2017-08-30 17:00:00','Hưng Yên',6,12,32,'2017-11-30 04:23:48','2017-11-30 04:23:48'),(106,'C22','Cao đẳng sư phạm Hưng Yên','Cao đẳng','Giáo dục Tiểu học','51140202','A16',27,'Kết quả thi THPT QG',10.00,'2017-08-12 17:00:00','2017-08-30 17:00:00','Hưng Yên',8,10,26,'2017-11-30 04:23:48','2017-11-30 04:23:48'),(107,'C22','Cao đẳng sư phạm Hưng Yên','Cao đẳng','Giáo dục Tiểu học','51140202','C15',27,'Kết quả thi THPT QG',10.00,'2017-08-12 17:00:00','2017-08-30 17:00:00','Hưng Yên',7,11,19,'2017-11-30 04:23:48','2017-11-30 04:23:48'),(108,'C22','Cao đẳng sư phạm Hưng Yên','Cao đẳng','Giáo dục Tiểu học','51140202','A01',27,'Kết quả thi THPT QG',10.00,'2017-08-12 17:00:00','2017-08-30 17:00:00','Hưng Yên',6,12,34,'2017-11-30 04:23:48','2017-11-30 04:23:48'),(109,'C22','Cao đẳng sư phạm Hưng Yên','Cao đẳng','Sư phạm Tiếng Anh','51140231','D96',25,'Kết quả thi THPT QG',25.00,'2017-08-12 17:00:00','2017-08-30 17:00:00','Hưng Yên',2,27,25,'2017-11-30 04:23:48','2017-11-30 04:23:48'),(110,'C22','Cao đẳng sư phạm Hưng Yên','Cao đẳng','Sư phạm Tiếng Anh','51140231','D01',25,'Kết quả thi THPT QG',25.00,'2017-08-12 17:00:00','2017-08-30 17:00:00','Hưng Yên',2,25,25,'2017-11-30 04:23:48','2017-11-30 04:23:48'),(111,'HVC','Học viện cán bộ Thành phố Hồ Chí Minh','Đại học','Quản lý nhà nước','52310205','A00',55,'Kết quả thi THPT QG',21.00,'2017-08-12 17:00:00','2017-08-30 17:00:00','Hồ Chí Minh',4,21,75,'2017-11-30 04:23:48','2017-11-30 04:23:48'),(112,'HVC','Học viện cán bộ Thành phố Hồ Chí Minh','Đại học','Quản lý nhà nước','52310205','A01',55,'Kết quả thi THPT QG',21.00,'2017-08-12 17:00:00','2017-08-30 17:00:00','Hồ Chí Minh',5,21,61,'2017-11-30 04:23:48','2017-11-30 04:23:48'),(113,'HVC','Học viện cán bộ Thành phố Hồ Chí Minh','Đại học','Quản lý nhà nước','52310205','C00',55,'Kết quả thi THPT QG',21.00,'2017-08-12 17:00:00','2017-08-30 17:00:00','Hồ Chí Minh',3,22,50,'2017-11-30 04:23:48','2017-11-30 04:23:48'),(114,'HVC','Học viện cán bộ Thành phố Hồ Chí Minh','Đại học','Quản lý nhà nước','52310205','D01',55,'Kết quả thi THPT QG',21.00,'2017-08-12 17:00:00','2017-08-30 17:00:00','Hồ Chí Minh',5,21,47,'2017-11-30 04:23:48','2017-11-30 04:23:48'),(115,'HVC','Học viện cán bộ Thành phố Hồ Chí Minh','Đại học','Ngành Luật','52380101','A00',10,'Kết quả thi THPT QG',21.75,'2017-08-12 17:00:00','2017-08-30 17:00:00','Hồ Chí Minh',3,22,7,'2017-11-30 04:23:48','2017-11-30 04:23:48'),(116,'HVC','Học viện cán bộ Thành phố Hồ Chí Minh','Đại học','Ngành Luật','52380101','A01',10,'Kết quả thi THPT QG',21.75,'2017-08-12 17:00:00','2017-08-30 17:00:00','Hồ Chí Minh',3,22,14,'2017-11-30 04:23:48','2017-11-30 04:23:48'),(117,'HVC','Học viện cán bộ Thành phố Hồ Chí Minh','Đại học','Ngành Luật','52380101','D01',10,'Kết quả thi THPT QG',21.75,'2017-08-12 17:00:00','2017-08-30 17:00:00','Hồ Chí Minh',3,22,10,'2017-11-30 04:23:48','2017-11-30 04:23:48'),(118,'HVC','Học viện cán bộ Thành phố Hồ Chí Minh','Đại học','Ngành Luật','52380101','C00',10,'Kết quả thi THPT QG',21.75,'2017-08-12 17:00:00','2017-08-30 17:00:00','Hồ Chí Minh',2,22,12,'2017-11-30 04:23:48','2017-11-30 04:23:48'),(119,'HVC','Học viện cán bộ Thành phố Hồ Chí Minh','Đại học','Xây dựng Đảng và Chính quyền Nhà nước','52310202','C03',25,'Kết quả thi THPT QG',17.25,'2017-08-12 17:00:00','2017-08-30 17:00:00','Hồ Chí Minh',6,19,26,'2017-11-30 04:23:48','2017-11-30 04:23:48'),(120,'HVC','Học viện cán bộ Thành phố Hồ Chí Minh','Đại học','Xây dựng Đảng và Chính quyền Nhà nước','52310202','C04',25,'Kết quả thi THPT QG',17.25,'2017-08-12 17:00:00','2017-08-30 17:00:00','Hồ Chí Minh',5,17,36,'2017-11-30 04:23:48','2017-11-30 04:23:48'),(121,'HVC','Học viện cán bộ Thành phố Hồ Chí Minh','Đại học','Xây dựng Đảng và Chính quyền Nhà nước','52310202','D01',25,'Kết quả thi THPT QG',17.25,'2017-08-12 17:00:00','2017-08-30 17:00:00','Hồ Chí Minh',5,19,31,'2017-11-30 04:23:48','2017-11-30 04:23:48'),(122,'HVC','Học viện cán bộ Thành phố Hồ Chí Minh','Đại học','Xây dựng Đảng và Chính quyền Nhà nước','52310202','C00',25,'Kết quả thi THPT QG',17.25,'2017-08-12 17:00:00','2017-08-30 17:00:00','Hồ Chí Minh',6,19,29,'2017-11-30 04:23:48','2017-11-30 04:23:48'),(123,'HVC','Học viện cán bộ Thành phố Hồ Chí Minh','Đại học','Chính trị học','52310201','C03',60,'Kết quả thi THPT QG',15.50,'2017-08-12 17:00:00','2017-08-30 17:00:00','Hồ Chí Minh',6,17,62,'2017-11-30 04:23:48','2017-11-30 04:23:48'),(124,'HVC','Học viện cán bộ Thành phố Hồ Chí Minh','Đại học','Chính trị học','52310201','C04',60,'Kết quả thi THPT QG',15.50,'2017-08-12 17:00:00','2017-08-30 17:00:00','Hồ Chí Minh',5,16,73,'2017-11-30 04:23:48','2017-11-30 04:23:48'),(125,'HVC','Học viện cán bộ Thành phố Hồ Chí Minh','Đại học','Chính trị học','52310201','D01',60,'Kết quả thi THPT QG',15.50,'2017-08-12 17:00:00','2017-08-30 17:00:00','Hồ Chí Minh',5,17,60,'2017-11-30 04:23:48','2017-11-30 04:23:48'),(126,'HVC','Học viện cán bộ Thành phố Hồ Chí Minh','Đại học','Chính trị học','52310201','C00',60,'Kết quả thi THPT QG',15.50,'2017-08-12 17:00:00','2017-08-30 17:00:00','Hồ Chí Minh',5,16,64,'2017-11-30 04:23:48','2017-11-30 04:23:48'),(127,'HVC','Học viện cán bộ Thành phố Hồ Chí Minh','Đại học','Công tác xã hội','52760101','D14',55,'Kết quả thi THPT QG',15.50,'2017-08-12 17:00:00','2017-08-30 17:00:00','Hồ Chí Minh',5,15,69,'2017-11-30 04:23:48','2017-11-30 04:23:48'),(128,'HVC','Học viện cán bộ Thành phố Hồ Chí Minh','Đại học','Công tác xã hội','52760101','C00',55,'Kết quả thi THPT QG',15.50,'2017-08-12 17:00:00','2017-08-30 17:00:00','Hồ Chí Minh',4,15,82,'2017-11-30 04:23:48','2017-11-30 04:23:48'),(129,'HVC','Học viện cán bộ Thành phố Hồ Chí Minh','Đại học','Công tác xã hội','52760101','D01',55,'Kết quả thi THPT QG',15.50,'2017-08-12 17:00:00','2017-08-30 17:00:00','Hồ Chí Minh',5,15,82,'2017-11-30 04:23:48','2017-11-30 04:23:48'),(130,'HVC','Học viện cán bộ Thành phố Hồ Chí Minh','Đại học','Công tác xã hội','52760101','C14',55,'Kết quả thi THPT QG',15.50,'2017-08-12 17:00:00','2017-08-30 17:00:00','Hồ Chí Minh',6,17,70,'2017-11-30 04:23:48','2017-11-30 04:23:48'),(131,'DHV','Đại học Hùng Vương','Đại học','Công nghệ thông tin','52480201','A00',68,'Kết quả thi THPT QG',15.50,'2017-08-12 17:00:00','2017-08-17 17:00:00','Hồ Chí Minh',5,15,86,'2017-11-30 04:23:48','2017-11-30 04:23:48'),(132,'DHV','Đại học Hùng Vương','Đại học','Công nghệ thông tin','52480201','A02',68,'Kết quả thi THPT QG',15.50,'2017-08-12 17:00:00','2017-08-17 17:00:00','Hồ Chí Minh',4,17,98,'2017-11-30 04:23:48','2017-11-30 04:23:48'),(133,'DHV','Đại học Hùng Vương','Đại học','Công nghệ thông tin','52480201','B00',68,'Kết quả thi THPT QG',15.50,'2017-08-12 17:00:00','2017-08-17 17:00:00','Hồ Chí Minh',5,16,74,'2017-11-30 04:23:48','2017-11-30 04:23:48'),(134,'DHV','Đại học Hùng Vương','Đại học','Công nghệ thông tin','52480201','D08',68,'Kết quả thi THPT QG',15.50,'2017-08-12 17:00:00','2017-08-17 17:00:00','Hồ Chí Minh',5,16,87,'2017-11-30 04:23:48','2017-11-30 04:23:48'),(135,'DHV','Đại học Hùng Vương','Đại học','Công nghệ sau thu hoạch','52540104','A00',70,'Kết quả thi THPT QG',15.50,'2017-08-12 17:00:00','2017-08-17 17:00:00','Hồ Chí Minh',4,16,70,'2017-11-30 04:23:48','2017-11-30 04:23:48'),(136,'DHV','Đại học Hùng Vương','Đại học','Công nghệ sau thu hoạch','52540104','A01',70,'Kết quả thi THPT QG',15.50,'2017-08-12 17:00:00','2017-08-17 17:00:00','Hồ Chí Minh',5,17,99,'2017-11-30 04:23:48','2017-11-30 04:23:48'),(137,'DHV','Đại học Hùng Vương','Đại học','Công nghệ sau thu hoạch','52540104','D01',70,'Kết quả thi THPT QG',15.50,'2017-08-12 17:00:00','2017-08-17 17:00:00','Hồ Chí Minh',5,17,70,'2017-11-30 04:23:48','2017-11-30 04:23:48'),(138,'DHV','Đại học Hùng Vương','Đại học','Công nghệ sau thu hoạch','52540104','D07',70,'Kết quả thi THPT QG',15.50,'2017-08-12 17:00:00','2017-08-17 17:00:00','Hồ Chí Minh',5,17,97,'2017-11-30 04:23:48','2017-11-30 04:23:48'),(139,'DHV','Đại học Hùng Vương','Đại học','Kế toán','52340301','D07',65,'Kết quả thi THPT QG',15.50,'2017-08-12 17:00:00','2017-08-17 17:00:00','Hồ Chí Minh',6,17,88,'2017-11-30 04:23:48','2017-11-30 04:23:48'),(140,'DHV','Đại học Hùng Vương','Đại học','Kế toán','52340301','A00',65,'Kết quả thi THPT QG',15.50,'2017-08-12 17:00:00','2017-08-17 17:00:00','Hồ Chí Minh',6,18,81,'2017-11-30 04:23:48','2017-11-30 04:23:48'),(141,'DHV','Đại học Hùng Vương','Đại học','Kế toán','52340301','D01',65,'Kết quả thi THPT QG',15.50,'2017-08-12 17:00:00','2017-08-17 17:00:00','Hồ Chí Minh',5,17,75,'2017-11-30 04:23:48','2017-11-30 04:23:48'),(142,'DHV','Đại học Hùng Vương','Đại học','Kế toán','52340301','A01',65,'Kết quả thi THPT QG',15.50,'2017-08-12 17:00:00','2017-08-17 17:00:00','Hồ Chí Minh',5,15,87,'2017-11-30 04:23:48','2017-11-30 04:23:48'),(143,'DHV','Đại học Hùng Vương','Đại học','Quản trị kinh doanh','52340101','A02',65,'Kết quả thi THPT QG',15.50,'2017-08-12 17:00:00','2017-08-17 17:00:00','Hồ Chí Minh',5,15,80,'2017-11-30 04:23:48','2017-11-30 04:23:48'),(144,'DHV','Đại học Hùng Vương','Đại học','Quản trị kinh doanh','52340101','B00',65,'Kết quả thi THPT QG',15.50,'2017-08-12 17:00:00','2017-08-17 17:00:00','Hồ Chí Minh',5,15,88,'2017-11-30 04:23:48','2017-11-30 04:23:48'),(145,'DHV','Đại học Hùng Vương','Đại học','Quản trị kinh doanh','52340101','B03',65,'Kết quả thi THPT QG',15.50,'2017-08-12 17:00:00','2017-08-17 17:00:00','Hồ Chí Minh',4,17,45,'2017-11-30 04:23:48','2017-11-30 04:23:48'),(146,'DHV','Đại học Hùng Vương','Đại học','Quản trị kinh doanh','52340101','D08',65,'Kết quả thi THPT QG',15.50,'2017-08-12 17:00:00','2017-08-17 17:00:00','Hồ Chí Minh',4,17,52,'2017-11-30 04:23:48','2017-11-30 04:23:48'),(147,'DHV','Đại học Hùng Vương','Đại học','Quản lý bệnh viện','52720701','A00',70,'Kết quả thi THPT QG',15.50,'2017-08-12 17:00:00','2017-08-17 17:00:00','Hồ Chí Minh',6,16,100,'2017-11-30 04:23:48','2017-11-30 04:23:48'),(148,'DHV','Đại học Hùng Vương','Đại học','Quản lý bệnh viện','52720701','A01',70,'Kết quả thi THPT QG',15.50,'2017-08-12 17:00:00','2017-08-17 17:00:00','Hồ Chí Minh',4,17,73,'2017-11-30 04:23:48','2017-11-30 04:23:48'),(149,'DHV','Đại học Hùng Vương','Đại học','Tài chính ngân hàng','52340201','D01',67,'Kết quả thi THPT QG',15.50,'2017-08-12 17:00:00','2017-08-17 17:00:00','Hồ Chí Minh',5,15,50,'2017-11-30 04:23:48','2017-11-30 04:23:48'),(150,'DHV','Đại học Hùng Vương','Đại học','Tài chính ngân hàng','52340201','D07',67,'Kết quả thi THPT QG',15.50,'2017-08-12 17:00:00','2017-08-17 17:00:00','Hồ Chí Minh',6,17,48,'2017-11-30 04:23:48','2017-11-30 04:23:48'),(151,'C42','Cao đẳng sư phạm Đà Lạt','Cao đẳng','Sư phạm Toán học','51140209','A00',19,'Kết quả thi THPT QG',11.00,'2017-08-12 17:00:00','2017-08-29 17:00:00','Lâm Đồng',6,12,14,'2017-11-30 04:23:48','2017-11-30 04:23:48'),(152,'C42','Cao đẳng sư phạm Đà Lạt','Cao đẳng','Sư phạm Toán học','51140209','A01',19,'Kết quả thi THPT QG',11.00,'2017-08-12 17:00:00','2017-08-29 17:00:00','Lâm Đồng',7,13,20,'2017-11-30 04:23:48','2017-11-30 04:23:48'),(153,'C42','Cao đẳng sư phạm Đà Lạt','Cao đẳng','Sư phạm Toán học','51140209','D90',19,'Kết quả thi THPT QG',11.00,'2017-08-12 17:00:00','2017-08-29 17:00:00','Lâm Đồng',7,11,26,'2017-11-30 04:23:48','2017-11-30 04:23:48'),(154,'C42','Cao đẳng sư phạm Đà Lạt','Cao đẳng','Sư phạm Toán học','51140209','A02',19,'Kết quả thi THPT QG',11.00,'2017-08-12 17:00:00','2017-08-29 17:00:00','Lâm Đồng',7,12,27,'2017-11-30 04:23:48','2017-11-30 04:23:48'),(155,'C42','Cao đẳng sư phạm Đà Lạt','Cao đẳng','Sư phạm Ngữ văn','51140217','C00',21,'Kết quả thi THPT QG',10.00,'2017-08-12 17:00:00','2017-08-29 17:00:00','Lâm Đồng',7,12,23,'2017-11-30 04:23:48','2017-11-30 04:23:48'),(156,'C42','Cao đẳng sư phạm Đà Lạt','Cao đẳng','Sư phạm Ngữ văn','51140217','D14',21,'Kết quả thi THPT QG',10.00,'2017-08-12 17:00:00','2017-08-29 17:00:00','Lâm Đồng',6,10,28,'2017-11-30 04:23:48','2017-11-30 04:23:48'),(157,'C42','Cao đẳng sư phạm Đà Lạt','Cao đẳng','Sư phạm Ngữ văn','51140217','D15',21,'Kết quả thi THPT QG',10.00,'2017-08-12 17:00:00','2017-08-29 17:00:00','Lâm Đồng',7,11,23,'2017-11-30 04:23:48','2017-11-30 04:23:48'),(158,'C42','Cao đẳng sư phạm Đà Lạt','Cao đẳng','Sư phạm Ngữ văn','51140217','C20',21,'Kết quả thi THPT QG',10.00,'2017-08-12 17:00:00','2017-08-29 17:00:00','Lâm Đồng',6,10,21,'2017-11-30 04:23:48','2017-11-30 04:23:48'),(159,'C42','Cao đẳng sư phạm Đà Lạt','Cao đẳng','Sư phạm Anh văn','51140231','D01',12,'Kết quả thi THPT QG',11.00,'2017-08-12 17:00:00','2017-08-29 17:00:00','Lâm Đồng',8,11,10,'2017-11-30 04:23:48','2017-11-30 04:23:48'),(160,'C42','Cao đẳng sư phạm Đà Lạt','Cao đẳng','Sư phạm Anh văn','51140231','A01',12,'Kết quả thi THPT QG',11.00,'2017-08-12 17:00:00','2017-08-29 17:00:00','Lâm Đồng',6,12,13,'2017-11-30 04:23:48','2017-11-30 04:23:48'),(161,'C42','Cao đẳng sư phạm Đà Lạt','Cao đẳng','Sư phạm Anh văn','51140231','D14',12,'Kết quả thi THPT QG',11.00,'2017-08-12 17:00:00','2017-08-29 17:00:00','Lâm Đồng',7,13,14,'2017-11-30 04:23:48','2017-11-30 04:23:48'),(162,'C42','Cao đẳng sư phạm Đà Lạt','Cao đẳng','Sư phạm Anh văn','51140231','D15',12,'Kết quả thi THPT QG',11.00,'2017-08-12 17:00:00','2017-08-29 17:00:00','Lâm Đồng',6,13,17,'2017-11-30 04:23:48','2017-11-30 04:23:48'),(163,'DLA','Đại học kinh tế công nghiệp Long An','Đại học','Ngôn ngữ Anh','52220201','D01',21,'Kết quả thi THPT QG',16.50,'2017-08-12 17:00:00','2017-08-21 17:00:00','Long An',4,18,29,'2017-11-30 04:23:48','2017-11-30 04:23:48'),(164,'DLA','Đại học kinh tế công nghiệp Long An','Đại học','Ngôn ngữ Anh','52220201','D12',21,'Kết quả thi THPT QG',16.50,'2017-08-12 17:00:00','2017-08-21 17:00:00','Long An',6,19,29,'2017-11-30 04:23:48','2017-11-30 04:23:48'),(165,'DLA','Đại học kinh tế công nghiệp Long An','Đại học','Ngôn ngữ Anh','52220201','D66',21,'Kết quả thi THPT QG',16.50,'2017-08-12 17:00:00','2017-08-21 17:00:00','Long An',5,16,18,'2017-11-30 04:23:48','2017-11-30 04:23:48'),(166,'DLA','Đại học kinh tế công nghiệp Long An','Đại học','Ngôn ngữ Anh','52220201','D15',21,'Kết quả thi THPT QG',16.50,'2017-08-12 17:00:00','2017-08-21 17:00:00','Long An',4,18,28,'2017-11-30 04:23:48','2017-11-30 04:23:48'),(167,'DLA','Đại học kinh tế công nghiệp Long An','Đại học','Quản trị kinh doanh','52340101','A01',49,'Kết quả thi THPT QG',18.00,'2017-08-12 17:00:00','2017-08-21 17:00:00','Long An',5,20,45,'2017-11-30 04:23:48','2017-11-30 04:23:48'),(168,'DLA','Đại học kinh tế công nghiệp Long An','Đại học','Quản trị kinh doanh','52340101','B03',49,'Kết quả thi THPT QG',18.00,'2017-08-12 17:00:00','2017-08-21 17:00:00','Long An',5,20,58,'2017-11-30 04:23:48','2017-11-30 04:23:48'),(169,'DLA','Đại học kinh tế công nghiệp Long An','Đại học','Quản trị kinh doanh','52340101','D13',49,'Kết quả thi THPT QG',18.00,'2017-08-12 17:00:00','2017-08-21 17:00:00','Long An',6,18,69,'2017-11-30 04:23:48','2017-11-30 04:23:48'),(170,'DLA','Đại học kinh tế công nghiệp Long An','Đại học','Quản trị kinh doanh','52340101','C20',49,'Kết quả thi THPT QG',18.00,'2017-08-12 17:00:00','2017-08-21 17:00:00','Long An',6,20,41,'2017-11-30 04:23:48','2017-11-30 04:23:48'),(171,'DLA','Đại học kinh tế công nghiệp Long An','Đại học','Tài chính ngân hàng','52340201','B00',50,'Kết quả thi THPT QG',19.00,'2017-08-12 17:00:00','2017-08-21 17:00:00','Long An',4,19,68,'2017-11-30 04:23:48','2017-11-30 04:23:48'),(172,'DLA','Đại học kinh tế công nghiệp Long An','Đại học','Tài chính ngân hàng','52340101','D07',50,'Kết quả thi THPT QG',19.00,'2017-08-12 17:00:00','2017-08-21 17:00:00','Long An',5,21,58,'2017-11-30 04:23:48','2017-11-30 04:23:48'),(173,'DLA','Đại học kinh tế công nghiệp Long An','Đại học','Tài chính ngân hàng','52340101','A08',50,'Kết quả thi THPT QG',19.00,'2017-08-12 17:00:00','2017-08-21 17:00:00','Long An',4,21,63,'2017-11-30 04:23:48','2017-11-30 04:23:48'),(174,'DLA','Đại học kinh tế công nghiệp Long An','Đại học','Tài chính ngân hàng','52340101','C08',50,'Kết quả thi THPT QG',15.50,'2017-08-12 17:00:00','2017-08-21 17:00:00','Long An',4,16,62,'2017-11-30 04:23:48','2017-11-30 04:23:48'),(175,'DLA','Đại học kinh tế công nghiệp Long An','Đại học','Kế toán','52340301','A00',47,'Kết quả thi THPT QG',15.50,'2017-08-12 17:00:00','2017-08-21 17:00:00','Long An',6,15,66,'2017-11-30 04:23:48','2017-11-30 04:23:48'),(176,'DLA','Đại học kinh tế công nghiệp Long An','Đại học','Kế toán','52340101','A09',47,'Kết quả thi THPT QG',15.50,'2017-08-12 17:00:00','2017-08-21 17:00:00','Long An',5,17,54,'2017-11-30 04:23:48','2017-11-30 04:23:48'),(177,'DLA','Đại học kinh tế công nghiệp Long An','Đại học','Luật kinh tế','52340101','C02',47,'Kết quả thi THPT QG',15.50,'2017-08-12 17:00:00','2017-08-21 17:00:00','Long An',6,15,68,'2017-11-30 04:23:48','2017-11-30 04:23:48'),(178,'DLA','Đại học kinh tế công nghiệp Long An','Đại học','Luật kinh tế','52340101','C00',88,'Kết quả thi THPT QG',17.00,'2017-08-12 17:00:00','2017-08-21 17:00:00','Long An',5,19,81,'2017-11-30 04:23:48','2017-11-30 04:23:48'),(179,'DLA','Đại học kinh tế công nghiệp Long An','Đại học','Luật kinh tế','52340101','A00',88,'Kết quả thi THPT QG',17.00,'2017-08-12 17:00:00','2017-08-21 17:00:00','Long An',4,18,130,'2017-11-30 04:23:48','2017-11-30 04:23:48'),(180,'DLA','Đại học kinh tế công nghiệp Long An','Đại học','Luật kinh tế','52340101','C04',88,'Kết quả thi THPT QG',17.00,'2017-08-12 17:00:00','2017-08-21 17:00:00','Long An',5,18,90,'2017-11-30 04:23:48','2017-11-30 04:23:48'),(181,'DLA','Đại học kinh tế công nghiệp Long An','Đại học','Khoa học máy tính','52340101','C14',39,'Kết quả thi THPT QG',18.00,'2017-08-12 17:00:00','2017-08-21 17:00:00','Long An',5,19,40,'2017-11-30 04:23:48','2017-11-30 04:23:48'),(182,'DLA','Đại học kinh tế công nghiệp Long An','Đại học','Khoa học máy tính','52340101','A00',39,'Kết quả thi THPT QG',18.00,'2017-08-12 17:00:00','2017-08-21 17:00:00','Long An',5,18,53,'2017-11-30 04:23:48','2017-11-30 04:23:48'),(183,'DLA','Đại học kinh tế công nghiệp Long An','Đại học','Khoa học máy tính','52340101','D08',39,'Kết quả thi THPT QG',18.00,'2017-08-12 17:00:00','2017-08-21 17:00:00','Long An',5,18,42,'2017-11-30 04:23:48','2017-11-30 04:23:48'),(184,'DHT','Đại học Hồng Đức','Đại học','Sư phạm toán học','52140209','A00',41,'Kết quả thi THPT QG',17.50,'2017-08-07 17:00:00','2017-09-03 17:00:00','Thanh Hóa',5,19,47,'2017-11-30 04:23:48','2017-11-30 04:23:48'),(185,'DHT','Đại học Hồng Đức','Đại học','Sư phạm toán học','52140209','A01',41,'Kết quả thi THPT QG',17.50,'2017-08-07 17:00:00','2017-09-03 17:00:00','Thanh Hóa',4,18,39,'2017-11-30 04:23:48','2017-11-30 04:23:48'),(186,'DHT','Đại học Hồng Đức','Đại học','Sư phạm toán học','52140209','A02',41,'Kết quả thi THPT QG',17.50,'2017-08-07 17:00:00','2017-09-03 17:00:00','Thanh Hóa',4,17,57,'2017-11-30 04:23:48','2017-11-30 04:23:48'),(187,'DHT','Đại học Hồng Đức','Đại học','Sư phạm vật lí','52140211','A00',40,'Kết quả thi THPT QG',19.50,'2017-08-07 17:00:00','2017-09-03 17:00:00','Thanh Hóa',4,21,44,'2017-11-30 04:23:48','2017-11-30 04:23:48'),(188,'DHT','Đại học Hồng Đức','Đại học','Sư phạm vật lí','52140211','A01',40,'Kết quả thi THPT QG',19.50,'2017-08-07 17:00:00','2017-09-03 17:00:00','Thanh Hóa',4,20,54,'2017-11-30 04:23:48','2017-11-30 04:23:48'),(189,'DHT','Đại học Hồng Đức','Đại học','Sư phạm hóa học','52140212','A00',38,'Kết quả thi THPT QG',17.50,'2017-08-07 17:00:00','2017-09-03 17:00:00','Thanh Hóa',5,19,40,'2017-11-30 04:23:48','2017-11-30 04:23:48'),(190,'DHT','Đại học Hồng Đức','Đại học','Sư phạm hóa học','52140212','B00',38,'Kết quả thi THPT QG',17.50,'2017-08-07 17:00:00','2017-09-03 17:00:00','Thanh Hóa',6,19,47,'2017-11-30 04:23:48','2017-11-30 04:23:48'),(191,'DHT','Đại học Hồng Đức','Đại học','Sư phạm hóa học','52140212','D07',38,'Kết quả thi THPT QG',17.50,'2017-08-07 17:00:00','2017-09-03 17:00:00','Thanh Hóa',4,18,39,'2017-11-30 04:23:48','2017-11-30 04:23:48'),(192,'DHT','Đại học Hồng Đức','Đại học','Sư phạm sinh học','52140213','B00',40,'Kết quả thi THPT QG',17.50,'2017-08-07 17:00:00','2017-09-03 17:00:00','Thanh Hóa',5,19,39,'2017-11-30 04:23:48','2017-11-30 04:23:48'),(193,'DHT','Đại học Hồng Đức','Đại học','Sư phạm sinh học','52140213','B02',40,'Kết quả thi THPT QG',17.50,'2017-08-07 17:00:00','2017-09-03 17:00:00','Thanh Hóa',6,19,41,'2017-11-30 04:23:48','2017-11-30 04:23:48'),(194,'DHT','Đại học Hồng Đức','Đại học','Sư phạm sinh học','52140213','D08',40,'Kết quả thi THPT QG',17.50,'2017-08-07 17:00:00','2017-09-03 17:00:00','Thanh Hóa',6,19,50,'2017-11-30 04:23:48','2017-11-30 04:23:48'),(195,'VUI','Đại học công nghiệp Việt Trì','Đại học','Ngành hóa học','52440112','A00',55,'Kết quả thi THPT QG',15.50,'2017-07-31 17:00:00','2017-08-19 17:00:00','Phú Thọ',6,17,67,'2017-11-30 04:23:48','2017-11-30 04:23:48'),(196,'VUI','Đại học công nghiệp Việt Trì','Đại học','Ngành hóa học','52440112','A01',55,'Kết quả thi THPT QG',15.50,'2017-07-31 17:00:00','2017-08-19 17:00:00','Phú Thọ',5,15,46,'2017-11-30 04:23:48','2017-11-30 04:23:48'),(197,'VUI','Đại học công nghiệp Việt Trì','Đại học','Ngành hóa học','52440112','B00',55,'Kết quả thi THPT QG',15.50,'2017-07-31 17:00:00','2017-08-19 17:00:00','Phú Thọ',6,16,52,'2017-11-30 04:23:48','2017-11-30 04:23:48'),(198,'VUI','Đại học công nghiệp Việt Trì','Đại học','Ngành hóa học','52440112','D01',55,'Kết quả thi THPT QG',15.50,'2017-07-31 17:00:00','2017-08-19 17:00:00','Phú Thọ',5,17,58,'2017-11-30 04:23:48','2017-11-30 04:23:48'),(199,'VUI','Đại học công nghiệp Việt Trì','Đại học','Ngành Công nghệ kỹ thuật Hóa học','52510401','A00',70,'Kết quả thi THPT QG',15.50,'2017-07-31 17:00:00','2017-08-19 17:00:00','Phú Thọ',5,16,89,'2017-11-30 04:23:48','2017-11-30 04:23:48'),(200,'VUI','Đại học công nghiệp Việt Trì','Đại học','Ngành Công nghệ kỹ thuật Hóa học','52510401','A01',70,'Kết quả thi THPT QG',15.50,'2017-07-31 17:00:00','2017-08-19 17:00:00','Phú Thọ',6,16,61,'2017-11-30 04:23:48','2017-11-30 04:23:48'),(201,'VUI','Đại học công nghiệp Việt Trì','Đại học','Ngành Công nghệ kỹ thuật Hóa học','52510401','B00',70,'Kết quả thi THPT QG',15.50,'2017-07-31 17:00:00','2017-08-19 17:00:00','Phú Thọ',4,16,67,'2017-11-30 04:23:48','2017-11-30 04:23:48'),(202,'VUI','Đại học công nghiệp Việt Trì','Đại học','Ngành Công nghệ kỹ thuật Hóa học','52510401','D01',70,'Kết quả thi THPT QG',15.50,'2017-07-31 17:00:00','2017-08-19 17:00:00','Phú Thọ',5,16,51,'2017-11-30 04:23:48','2017-11-30 04:23:48'),(203,'VUI','Đại học công nghiệp Việt Trì','Đại học','Ngành công nghệ kỹ thuật Môi trường','52510406','A00',35,'Kết quả thi THPT QG',17.50,'2017-07-31 17:00:00','2017-08-19 17:00:00','Phú Thọ',6,20,29,'2017-11-30 04:23:48','2017-11-30 04:23:48'),(204,'VUI','Đại học công nghiệp Việt Trì','Đại học','Ngành công nghệ kỹ thuật Môi trường','52510406','A01',35,'Kết quả thi THPT QG',17.50,'2017-07-31 17:00:00','2017-08-19 17:00:00','Phú Thọ',5,19,47,'2017-11-30 04:23:48','2017-11-30 04:23:48'),(205,'VUI','Đại học công nghiệp Việt Trì','Đại học','Ngành công nghệ kỹ thuật Môi trường','52510406','B00',35,'Kết quả thi THPT QG',17.50,'2017-07-31 17:00:00','2017-08-19 17:00:00','Phú Thọ',4,18,44,'2017-11-30 04:23:48','2017-11-30 04:23:48'),(206,'VUI','Đại học công nghiệp Việt Trì','Đại học','Ngành công nghệ Sinh học','52420201','A00',25,'Kết quả thi THPT QG',18.50,'2017-07-31 17:00:00','2017-08-19 17:00:00','Phú Thọ',4,20,36,'2017-11-30 04:23:48','2017-11-30 04:23:48'),(207,'VUI','Đại học công nghiệp Việt Trì','Đại học','Ngành công nghệ Sinh học','52420201','B00',25,'Kết quả thi THPT QG',18.50,'2017-07-31 17:00:00','2017-08-19 17:00:00','Phú Thọ',5,21,36,'2017-11-30 04:23:48','2017-11-30 04:23:48'),(208,'VUI','Đại học công nghiệp Việt Trì','Đại học','Ngành công nghệ kỹ thuật Cơ khí','52510201','A00',50,'Kết quả thi THPT QG',18.50,'2017-07-31 17:00:00','2017-08-19 17:00:00','Phú Thọ',4,21,51,'2017-11-30 04:23:48','2017-11-30 04:23:48'),(209,'VUI','Đại học công nghiệp Việt Trì','Đại học','Ngành công nghệ kỹ thuật Cơ khí','52510201','A01',50,'Kết quả thi THPT QG',18.50,'2017-07-31 17:00:00','2017-08-19 17:00:00','Phú Thọ',4,20,70,'2017-11-30 04:23:48','2017-11-30 04:23:48'),(210,'VUI','Đại học công nghiệp Việt Trì','Đại học','Ngành công nghệ kỹ thuật Cơ khí','52510201','B00',50,'Kết quả thi THPT QG',18.50,'2017-07-31 17:00:00','2017-08-19 17:00:00','Phú Thọ',3,19,65,'2017-11-30 04:23:48','2017-11-30 04:23:48'),(211,'VUI','Đại học công nghiệp Việt Trì','Đại học','Ngành công nghệ kỹ thuật Điện- Điện tử','52510301','A00',75,'Kết quả thi THPT QG',18.50,'2017-07-31 17:00:00','2017-08-19 17:00:00','Phú Thọ',5,19,58,'2017-11-30 04:23:48','2017-11-30 04:23:48'),(212,'VUI','Đại học công nghiệp Việt Trì','Đại học','Ngành công nghệ kỹ thuật Điều khiển- Tự động hóa','52510303','B00',20,'Kết quả thi THPT QG',20.00,'2017-07-31 17:00:00','2017-08-19 17:00:00','Phú Thọ',3,20,25,'2017-11-30 04:23:48','2017-11-30 04:23:48'),(213,'VUI','Đại học công nghiệp Việt Trì','Đại học','Ngành Công nghệ thông tin','52480201','A00',60,'Kết quả thi THPT QG',21.50,'2017-07-31 17:00:00','2017-08-19 17:00:00','Phú Thọ',3,22,67,'2017-11-30 04:23:48','2017-11-30 04:23:48'),(214,'VUI','Đại học công nghiệp Việt Trì','Đại học','Kế toán','52340301','A00',55,'Kết quả thi THPT QG',22.50,'2017-07-31 17:00:00','2017-08-19 17:00:00','Phú Thọ',3,25,74,'2017-11-30 04:23:48','2017-11-30 04:23:48'),(215,'VUI','Đại học công nghiệp Việt Trì','Đại học','Ngành Quản trị kinh doanh','52340101','A01',20,'Kết quả thi THPT QG',15.50,'2017-07-31 17:00:00','2017-08-19 17:00:00','Phú Thọ',4,17,28,'2017-11-30 04:23:48','2017-11-30 04:23:48'),(216,'VUI','Đại học công nghiệp Việt Trì','Đại học','Ngành ngôn ngữ Anh','52220201','D01',35,'Kết quả thi THPT QG',18.50,'2017-07-31 17:00:00','2017-08-19 17:00:00','Phú Thọ',5,18,51,'2017-11-30 04:23:48','2017-11-30 04:23:48'),(217,'C18','Cao đẳng Ngô Gia Tự','Cao đẳng','Sư phạm Toán học','51140209','A00',8,'Kết quả thi THPT QG',15.50,'2017-08-12 17:00:00','2017-08-20 17:00:00','Bắc Giang',5,17,8,'2017-11-30 04:23:48','2017-11-30 04:23:48'),(218,'C18','Cao đẳng Ngô Gia Tự','Cao đẳng','Sư phạm Tin học','51140201','A00',5,'Kết quả thi THPT QG',15.50,'2017-08-12 17:00:00','2017-08-20 17:00:00','Bắc Giang',6,17,4,'2017-11-30 04:23:48','2017-11-30 04:23:48'),(219,'C18','Cao đẳng Ngô Gia Tự','Cao đẳng','Sư phạm Tin học','51140201','A01',5,'Kết quả thi THPT QG',15.50,'2017-08-12 17:00:00','2017-08-20 17:00:00','Bắc Giang',5,16,6,'2017-11-30 04:23:48','2017-11-30 04:23:48'),(220,'C18','Cao đẳng Ngô Gia Tự','Cao đẳng','Sư phạm Tin học','51140201','D01',5,'Kết quả thi THPT QG',15.50,'2017-08-12 17:00:00','2017-08-20 17:00:00','Bắc Giang',4,15,4,'2017-11-30 04:23:48','2017-11-30 04:23:48'),(221,'C18','Cao đẳng Ngô Gia Tự','Cao đẳng','Sư phạm Ngữ Văn','51140217','C00',8,'Kết quả thi THPT QG',16.50,'2017-08-12 17:00:00','2017-08-20 17:00:00','Bắc Giang',6,18,6,'2017-11-30 04:23:48','2017-11-30 04:23:48'),(222,'C18','Cao đẳng Ngô Gia Tự','Cao đẳng','Sư phạm Ngữ Văn','51140217','C03',8,'Kết quả thi THPT QG',16.50,'2017-08-12 17:00:00','2017-08-20 17:00:00','Bắc Giang',6,18,10,'2017-11-30 04:23:48','2017-11-30 04:23:48'),(223,'C18','Cao đẳng Ngô Gia Tự','Cao đẳng','Sư phạm Ngữ Văn','51140217','C07',8,'Kết quả thi THPT QG',16.50,'2017-08-12 17:00:00','2017-08-20 17:00:00','Bắc Giang',5,19,10,'2017-11-30 04:23:48','2017-11-30 04:23:48'),(224,'C18','Cao đẳng Ngô Gia Tự','Cao đẳng','Sư phạm Lịch Sử','51140218','C00',5,'Kết quả thi THPT QG',16.50,'2017-08-12 17:00:00','2017-08-20 17:00:00','Bắc Giang',6,18,6,'2017-11-30 04:23:48','2017-11-30 04:23:48'),(225,'C18','Cao đẳng Ngô Gia Tự','Cao đẳng','Sư phạm Lịch Sử','51140218','C03',5,'Kết quả thi THPT QG',16.50,'2017-08-12 17:00:00','2017-08-20 17:00:00','Bắc Giang',6,16,4,'2017-11-30 04:23:48','2017-11-30 04:23:48'),(226,'C18','Cao đẳng Ngô Gia Tự','Cao đẳng','Sư phạm Lịch Sử','51140218','C12',5,'Kết quả thi THPT QG',16.50,'2017-08-12 17:00:00','2017-08-20 17:00:00','Bắc Giang',5,17,3,'2017-11-30 04:23:48','2017-11-30 04:23:48'),(227,'C18','Cao đẳng Ngô Gia Tự','Cao đẳng','Sư phạm Lịch Sử','51140218','D14',5,'Kết quả thi THPT QG',16.50,'2017-08-12 17:00:00','2017-08-20 17:00:00','Bắc Giang',5,16,4,'2017-11-30 04:23:48','2017-11-30 04:23:48'),(228,'C18','Cao đẳng Ngô Gia Tự','Cao đẳng','Sư phạm Tiếng Anh','51140231','A01',10,'Kết quả thi THPT QG',16.50,'2017-08-12 17:00:00','2017-08-20 17:00:00','Bắc Giang',6,17,10,'2017-11-30 04:23:48','2017-11-30 04:23:48'),(229,'C18','Cao đẳng Ngô Gia Tự','Cao đẳng','Sư phạm Tiếng Anh','51140231','D01',10,'Kết quả thi THPT QG',16.50,'2017-08-12 17:00:00','2017-08-20 17:00:00','Bắc Giang',5,17,12,'2017-11-30 04:23:48','2017-11-30 04:23:48'),(230,'C18','Cao đẳng Ngô Gia Tự','Cao đẳng','Giáo dục Tiểu học','51140202','A00',55,'Kết quả thi THPT QG',17.50,'2017-08-12 17:00:00','2017-08-20 17:00:00','Bắc Giang',5,19,68,'2017-11-30 04:23:48','2017-11-30 04:23:48'),(231,'C18','Cao đẳng Ngô Gia Tự','Cao đẳng','Giáo dục Tiểu học','51140202','A01',55,'Kết quả thi THPT QG',17.50,'2017-08-12 17:00:00','2017-08-20 17:00:00','Bắc Giang',4,18,51,'2017-11-30 04:23:48','2017-11-30 04:23:48'),(232,'C18','Cao đẳng Ngô Gia Tự','Cao đẳng','Giáo dục Tiểu học','51140202','C00',55,'Kết quả thi THPT QG',17.50,'2017-08-12 17:00:00','2017-08-20 17:00:00','Bắc Giang',5,19,44,'2017-11-30 04:23:48','2017-11-30 04:23:48'),(233,'C18','Cao đẳng Ngô Gia Tự','Cao đẳng','Giáo dục Tiểu học','51140202','D01',55,'Kết quả thi THPT QG',17.50,'2017-08-12 17:00:00','2017-08-20 17:00:00','Bắc Giang',5,18,42,'2017-11-30 04:23:48','2017-11-30 04:23:48'),(234,'LAH','Đại học Trần Quốc Tuấn','Đại học','Giáo viên giáo dục QP-AN','52140208','C00',69,'Kết quả thi THPT QG',15.50,'2017-08-12 17:00:00','2017-08-25 17:00:00','Hải Dương',5,16,94,'2017-11-30 04:23:48','2017-11-30 04:23:48'),(235,'DCG','Đại học công nghệ thông tin Gia Định','Đại học','Ngôn ngữ Anh','52220201','D01',19,'Kết quả thi THPT QG',18.00,'2017-08-07 17:00:00','2017-08-19 17:00:00','TP HCM',6,20,26,'2017-11-30 04:23:48','2017-11-30 04:23:48'),(236,'DCG','Đại học công nghệ thông tin Gia Định','Đại học','Ngôn ngữ Anh','52220201','D13',19,'Kết quả thi THPT QG',18.00,'2017-08-07 17:00:00','2017-08-19 17:00:00','TP HCM',4,18,28,'2017-11-30 04:23:48','2017-11-30 04:23:48'),(237,'DCG','Đại học công nghệ thông tin Gia Định','Đại học','Ngôn ngữ Anh','52220201','D14',19,'Kết quả thi THPT QG',18.00,'2017-08-07 17:00:00','2017-08-19 17:00:00','TP HCM',6,20,25,'2017-11-30 04:23:48','2017-11-30 04:23:48'),(238,'DCG','Đại học công nghệ thông tin Gia Định','Đại học','Ngôn ngữ Anh','52220201','D15',19,'Kết quả thi THPT QG',18.00,'2017-08-07 17:00:00','2017-08-19 17:00:00','TP HCM',5,20,21,'2017-11-30 04:23:48','2017-11-30 04:23:48'),(239,'DCG','Đại học công nghệ thông tin Gia Định','Đại học','Quản trị kinh doanh','52340101','A00',50,'Kết quả thi THPT QG',18.00,'2017-08-07 17:00:00','2017-08-19 17:00:00','TP HCM',4,19,64,'2017-11-30 04:23:48','2017-11-30 04:23:48'),(240,'DCG','Đại học công nghệ thông tin Gia Định','Đại học','Quản trị kinh doanh','52340101','A01',50,'Kết quả thi THPT QG',18.00,'2017-08-07 17:00:00','2017-08-19 17:00:00','TP HCM',6,20,46,'2017-11-30 04:23:48','2017-11-30 04:23:48'),(241,'DCG','Đại học công nghệ thông tin Gia Định','Đại học','Quản trị kinh doanh','52340101','A06',50,'Kết quả thi THPT QG',18.00,'2017-08-07 17:00:00','2017-08-19 17:00:00','TP HCM',4,18,64,'2017-11-30 04:23:48','2017-11-30 04:23:48'),(242,'DCG','Đại học công nghệ thông tin Gia Định','Đại học','Quản trị kinh doanh','52340101','C13',50,'Kết quả thi THPT QG',18.00,'2017-08-07 17:00:00','2017-08-19 17:00:00','TP HCM',5,18,71,'2017-11-30 04:23:48','2017-11-30 04:23:48'),(243,'DCG','Đại học công nghệ thông tin Gia Định','Đại học','Tài chính - ngân hàng','52340201','A00',20,'Kết quả thi THPT QG',18.50,'2017-08-07 17:00:00','2017-08-19 17:00:00','TP HCM',3,19,25,'2017-11-30 04:23:48','2017-11-30 04:23:48'),(244,'DCG','Đại học công nghệ thông tin Gia Định','Đại học','Tài chính - ngân hàng','52340201','A01',20,'Kết quả thi THPT QG',18.50,'2017-08-07 17:00:00','2017-08-19 17:00:00','TP HCM',3,20,15,'2017-11-30 04:23:48','2017-11-30 04:23:48'),(245,'DCG','Đại học công nghệ thông tin Gia Định','Đại học','Tài chính - ngân hàng','52340201','A03',20,'Kết quả thi THPT QG',18.50,'2017-08-07 17:00:00','2017-08-19 17:00:00','TP HCM',4,20,14,'2017-11-30 04:23:48','2017-11-30 04:23:48'),(246,'DCG','Đại học công nghệ thông tin Gia Định','Đại học','Tài chính - ngân hàng','52340201','A07',20,'Kết quả thi THPT QG',18.50,'2017-08-07 17:00:00','2017-08-19 17:00:00','TP HCM',5,19,16,'2017-11-30 04:23:48','2017-11-30 04:23:48'),(247,'DCG','Đại học công nghệ thông tin Gia Định','Đại học','Kế toán','52340301','A01',30,'Kết quả thi THPT QG',18.00,'2017-08-07 17:00:00','2017-08-19 17:00:00','TP HCM',5,18,35,'2017-11-30 04:23:48','2017-11-30 04:23:48'),(248,'DCG','Đại học công nghệ thông tin Gia Định','Đại học','Kế toán','52340301','B01',30,'Kết quả thi THPT QG',18.00,'2017-08-07 17:00:00','2017-08-19 17:00:00','TP HCM',6,19,26,'2017-11-30 04:23:48','2017-11-30 04:23:48'),(249,'DCG','Đại học công nghệ thông tin Gia Định','Đại học','Kế toán','52340301','B02',30,'Kết quả thi THPT QG',18.00,'2017-08-07 17:00:00','2017-08-19 17:00:00','TP HCM',5,18,35,'2017-11-30 04:23:48','2017-11-30 04:23:48'),(250,'DCG','Đại học công nghệ thông tin Gia Định','Đại học','Kế toán','52340301','C12',30,'Kết quả thi THPT QG',18.00,'2017-08-07 17:00:00','2017-08-19 17:00:00','TP HCM',5,19,44,'2017-11-30 04:23:48','2017-11-30 04:23:48'),(251,'DCG','Đại học công nghệ thông tin Gia Định','Đại học','Truyền thông và mạng máy tính','52480102','A00',20,'Kết quả thi THPT QG',18.00,'2017-08-07 17:00:00','2017-08-19 17:00:00','TP HCM',5,19,21,'2017-11-30 04:23:48','2017-11-30 04:23:48'),(252,'DCG','Đại học công nghệ thông tin Gia Định','Đại học','Truyền thông và mạng máy tính','52480102','A01',20,'Kết quả thi THPT QG',18.00,'2017-08-07 17:00:00','2017-08-19 17:00:00','TP HCM',4,18,22,'2017-11-30 04:23:48','2017-11-30 04:23:48'),(253,'DCG','Đại học công nghệ thông tin Gia Định','Đại học','Truyền thông và mạng máy tính','52480102','A02',20,'Kết quả thi THPT QG',18.00,'2017-08-07 17:00:00','2017-08-19 17:00:00','TP HCM',5,19,15,'2017-11-30 04:23:48','2017-11-30 04:23:48'),(254,'DCG','Đại học công nghệ thông tin Gia Định','Đại học','Kỹ thuật phần mềm','52480103','A00',20,'Kết quả thi THPT QG',18.00,'2017-08-07 17:00:00','2017-08-19 17:00:00','TP HCM',5,19,22,'2017-11-30 04:23:48','2017-11-30 04:23:48'),(255,'DCG','Đại học công nghệ thông tin Gia Định','Đại học','Kỹ thuật phần mềm','52480103','A01',20,'Kết quả thi THPT QG',18.00,'2017-08-07 17:00:00','2017-08-19 17:00:00','TP HCM',5,19,16,'2017-11-30 04:23:48','2017-11-30 04:23:48'),(256,'DCG','Đại học công nghệ thông tin Gia Định','Đại học','Kỹ thuật phần mềm','52480103','A04',20,'Kết quả thi THPT QG',18.00,'2017-08-07 17:00:00','2017-08-19 17:00:00','TP HCM',4,19,14,'2017-11-30 04:23:48','2017-11-30 04:23:48'),(257,'DCG','Đại học công nghệ thông tin Gia Định','Đại học','Kỹ thuật phần mềm','52480103','B00',20,'Kết quả thi THPT QG',18.00,'2017-08-07 17:00:00','2017-08-19 17:00:00','TP HCM',4,19,24,'2017-11-30 04:23:48','2017-11-30 04:23:48'),(258,'DPX','Đại học dân lập Phú Xuân','Đại học','Công nghệ thông tin','52480201','A00',30,'Kết quả thi THPT QG',15.50,'2017-08-12 17:00:00','2017-09-04 17:00:00','Hà Nội',6,17,39,'2017-11-30 04:23:48','2017-11-30 04:23:48'),(259,'DPX','Đại học dân lập Phú Xuân','Đại học','Công nghệ thông tin','52480201','B00',30,'Kết quả thi THPT QG',15.50,'2017-08-12 17:00:00','2017-09-04 17:00:00','Hà Nội',5,15,41,'2017-11-30 04:23:48','2017-11-30 04:23:48'),(260,'DPX','Đại học dân lập Phú Xuân','Đại học','Công nghệ thông tin','52480201','D01',30,'Kết quả thi THPT QG',15.50,'2017-08-12 17:00:00','2017-09-04 17:00:00','Hà Nội',6,16,21,'2017-11-30 04:23:48','2017-11-30 04:23:48'),(261,'DPX','Đại học dân lập Phú Xuân','Đại học','Công nghệ thông tin','52480201','A01',30,'Kết quả thi THPT QG',15.50,'2017-08-12 17:00:00','2017-09-04 17:00:00','Hà Nội',5,15,28,'2017-11-30 04:23:48','2017-11-30 04:23:48'),(262,'DPX','Đại học dân lập Phú Xuân','Đại học','Công nghệ kỹ thuật điện - điện tử','52510301','A00',15,'Kết quả thi THPT QG',16.50,'2017-08-12 17:00:00','2017-09-04 17:00:00','Hà Nội',5,17,18,'2017-11-30 04:23:48','2017-11-30 04:23:48'),(263,'DPX','Đại học dân lập Phú Xuân','Đại học','Công nghệ kỹ thuật điện - điện tử','52510301','D01',15,'Kết quả thi THPT QG',16.50,'2017-08-12 17:00:00','2017-09-04 17:00:00','Hà Nội',5,17,20,'2017-11-30 04:23:48','2017-11-30 04:23:48'),(264,'DPX','Đại học dân lập Phú Xuân','Đại học','Công nghệ kỹ thuật điện - điện tử','52510301','A01',15,'Kết quả thi THPT QG',16.50,'2017-08-12 17:00:00','2017-09-04 17:00:00','Hà Nội',6,18,11,'2017-11-30 04:23:48','2017-11-30 04:23:48'),(265,'DPX','Đại học dân lập Phú Xuân','Đại học','Kế toán','52340301','A00',50,'Kết quả thi THPT QG',15.50,'2017-08-12 17:00:00','2017-09-04 17:00:00','Hà Nội',5,17,74,'2017-11-30 04:23:48','2017-11-30 04:23:48'),(266,'DPX','Đại học dân lập Phú Xuân','Đại học','Kế toán','52340301','B00',50,'Kết quả thi THPT QG',15.50,'2017-08-12 17:00:00','2017-09-04 17:00:00','Hà Nội',4,18,44,'2017-11-30 04:23:48','2017-11-30 04:23:48'),(267,'DPX','Đại học dân lập Phú Xuân','Đại học','Kế toán','52340301','D01',50,'Kết quả thi THPT QG',15.50,'2017-08-12 17:00:00','2017-09-04 17:00:00','Hà Nội',6,17,41,'2017-11-30 04:23:48','2017-11-30 04:23:48'),(268,'DPX','Đại học dân lập Phú Xuân','Đại học','Tài chính - ngân hàng','52340201','A00',25,'Kết quả thi THPT QG',15.50,'2017-08-12 17:00:00','2017-09-04 17:00:00','Hà Nội',5,17,21,'2017-11-30 04:23:48','2017-11-30 04:23:48'),(269,'DPX','Đại học dân lập Phú Xuân','Đại học','Tài chính - ngân hàng','52340201','B00',25,'Kết quả thi THPT QG',15.50,'2017-08-12 17:00:00','2017-09-04 17:00:00','Hà Nội',6,17,29,'2017-11-30 04:23:48','2017-11-30 04:23:48'),(270,'DPX','Đại học dân lập Phú Xuân','Đại học','Tài chính - ngân hàng','52340201','D01',25,'Kết quả thi THPT QG',15.50,'2017-08-12 17:00:00','2017-09-04 17:00:00','Hà Nội',5,15,31,'2017-11-30 04:23:48','2017-11-30 04:23:48'),(271,'DPX','Đại học dân lập Phú Xuân','Đại học','Tài chính - ngân hàng','52340201','A01',25,'Kết quả thi THPT QG',15.50,'2017-08-12 17:00:00','2017-09-04 17:00:00','Hà Nội',6,16,22,'2017-11-30 04:23:48','2017-11-30 04:23:48'),(272,'DPX','Đại học dân lập Phú Xuân','Đại học','Quản trị kinh doanh','52340101','A00',35,'Kết quả thi THPT QG',15.50,'2017-08-12 17:00:00','2017-09-04 17:00:00','Hà Nội',5,16,29,'2017-11-30 04:23:48','2017-11-30 04:23:48'),(273,'DPX','Đại học dân lập Phú Xuân','Đại học','Quản trị kinh doanh','52340101','B00',35,'Kết quả thi THPT QG',15.50,'2017-08-12 17:00:00','2017-09-04 17:00:00','Hà Nội',5,15,45,'2017-11-30 04:23:48','2017-11-30 04:23:48'),(274,'DPX','Đại học dân lập Phú Xuân','Đại học','Quản trị kinh doanh','52340101','D01',35,'Kết quả thi THPT QG',15.50,'2017-08-12 17:00:00','2017-09-04 17:00:00','Hà Nội',4,17,49,'2017-11-30 04:23:48','2017-11-30 04:23:48'),(275,'DPX','Đại học dân lập Phú Xuân','Đại học','Quản trị kinh doanh','52340101','A01',35,'Kết quả thi THPT QG',15.50,'2017-08-12 17:00:00','2017-09-04 17:00:00','Hà Nội',4,18,37,'2017-11-30 04:23:48','2017-11-30 04:23:48'),(276,'DPX','Đại học dân lập Phú Xuân','Đại học','Văn học','52220330','C00',20,'Kết quả thi THPT QG',20.00,'2017-08-12 17:00:00','2017-09-04 17:00:00','Hà Nội',4,20,28,'2017-11-30 04:23:48','2017-11-30 04:23:48'),(277,'DPX','Đại học dân lập Phú Xuân','Đại học','Văn học','52220330','D01',20,'Kết quả thi THPT QG',20.00,'2017-08-12 17:00:00','2017-09-04 17:00:00','Hà Nội',5,21,24,'2017-11-30 04:23:48','2017-11-30 04:23:48'),(278,'DPX','Đại học dân lập Phú Xuân','Đại học','Văn học','52220330','D15',20,'Kết quả thi THPT QG',20.00,'2017-08-12 17:00:00','2017-09-04 17:00:00','Hà Nội',5,21,27,'2017-11-30 04:23:48','2017-11-30 04:23:48'),(279,'DPX','Đại học dân lập Phú Xuân','Đại học','Văn học','52220330','D11',20,'Kết quả thi THPT QG',20.00,'2017-08-12 17:00:00','2017-09-04 17:00:00','Hà Nội',4,21,22,'2017-11-30 04:23:48','2017-11-30 04:23:48'),(280,'C38','Cao đẳng sư phạm Gia Lai','Cao đẳng','Sư phạm Toán học','51140209','A00',10,'Kết quả thi THPT QG',15.50,'2017-08-12 17:00:00','2017-08-17 17:00:00','Gia Lai',6,16,9,'2017-11-30 04:23:48','2017-11-30 04:23:48'),(281,'C38','Cao đẳng sư phạm Gia Lai','Cao đẳng','Sư phạm Toán học','51140209','A01',10,'Kết quả thi THPT QG',15.50,'2017-08-12 17:00:00','2017-08-17 17:00:00','Gia Lai',6,17,13,'2017-11-30 04:23:48','2017-11-30 04:23:48'),(282,'C38','Cao đẳng sư phạm Gia Lai','Cao đẳng','Sư phạm Toán học','51140209','D07',10,'Kết quả thi THPT QG',15.50,'2017-08-12 17:00:00','2017-08-17 17:00:00','Gia Lai',6,15,13,'2017-11-30 04:23:48','2017-11-30 04:23:48'),(283,'C38','Cao đẳng sư phạm Gia Lai','Cao đẳng','Sư phạm Toán học','51140209','D08',10,'Kết quả thi THPT QG',15.50,'2017-08-12 17:00:00','2017-08-17 17:00:00','Gia Lai',5,18,7,'2017-11-30 04:23:48','2017-11-30 04:23:48'),(284,'C38','Cao đẳng sư phạm Gia Lai','Cao đẳng','Sư phạm Vật lí','51140211','A00',5,'Kết quả thi THPT QG',16.50,'2017-08-12 17:00:00','2017-08-17 17:00:00','Gia Lai',5,18,4,'2017-11-30 04:23:48','2017-11-30 04:23:48'),(285,'C38','Cao đẳng sư phạm Gia Lai','Cao đẳng','Sư phạm Vật lí','51140211','A01',5,'Kết quả thi THPT QG',16.50,'2017-08-12 17:00:00','2017-08-17 17:00:00','Gia Lai',6,19,7,'2017-11-30 04:23:48','2017-11-30 04:23:48'),(286,'C38','Cao đẳng sư phạm Gia Lai','Cao đẳng','Sư phạm Vật lí','51140211','A02',5,'Kết quả thi THPT QG',16.50,'2017-08-12 17:00:00','2017-08-17 17:00:00','Gia Lai',6,16,5,'2017-11-30 04:23:48','2017-11-30 04:23:48'),(287,'C38','Cao đẳng sư phạm Gia Lai','Cao đẳng','Sư phạm Hóa học','51140212','A00',4,'Kết quả thi THPT QG',15.50,'2017-08-12 17:00:00','2017-08-17 17:00:00','Gia Lai',6,17,5,'2017-11-30 04:23:48','2017-11-30 04:23:48'),(288,'C38','Cao đẳng sư phạm Gia Lai','Cao đẳng','Sư phạm Hóa học','51140212','B00',4,'Kết quả thi THPT QG',15.50,'2017-08-12 17:00:00','2017-08-17 17:00:00','Gia Lai',6,16,4,'2017-11-30 04:23:48','2017-11-30 04:23:48'),(289,'C38','Cao đẳng sư phạm Gia Lai','Cao đẳng','Sư phạm Hóa học','51140212','D07',4,'Kết quả thi THPT QG',15.50,'2017-08-12 17:00:00','2017-08-17 17:00:00','Gia Lai',6,18,4,'2017-11-30 04:23:48','2017-11-30 04:23:48'),(290,'C38','Cao đẳng sư phạm Gia Lai','Cao đẳng','Sư phạm Hóa học','51140212','D08',4,'Kết quả thi THPT QG',15.50,'2017-08-12 17:00:00','2017-08-17 17:00:00','Gia Lai',6,18,3,'2017-11-30 04:23:48','2017-11-30 04:23:48'),(291,'C38','Cao đẳng sư phạm Gia Lai','Cao đẳng','Sư phạm Ngữ Văn','51140217','C00',9,'Kết quả thi THPT QG',15.50,'2017-08-12 17:00:00','2017-08-17 17:00:00','Gia Lai',4,16,12,'2017-11-30 04:23:48','2017-11-30 04:23:48'),(292,'C38','Cao đẳng sư phạm Gia Lai','Cao đẳng','Sư phạm Ngữ Văn','51140217','C14',9,'Kết quả thi THPT QG',15.50,'2017-08-12 17:00:00','2017-08-17 17:00:00','Gia Lai',4,17,9,'2017-11-30 04:23:48','2017-11-30 04:23:48'),(293,'C38','Cao đẳng sư phạm Gia Lai','Cao đẳng','Sư phạm Tiếng Anh','51140231','D01',6,'Kết quả thi THPT QG',15.50,'2017-08-12 17:00:00','2017-08-17 17:00:00','Gia Lai',5,17,6,'2017-11-30 04:23:48','2017-11-30 04:23:48'),(294,'C38','Cao đẳng sư phạm Gia Lai','Cao đẳng','Sư phạm Tiếng Anh','51140231','A01',6,'Kết quả thi THPT QG',15.50,'2017-08-12 17:00:00','2017-08-17 17:00:00','Gia Lai',5,17,8,'2017-11-30 04:23:48','2017-11-30 04:23:48'),(295,'TCU','Đại học thông tin liên lạc','Đại học','Công nghệ thông tin','52480201','A00',44,'Kết quả thi THPT QG',16.50,'2017-08-12 17:00:00','2017-08-22 17:00:00','Hà Nội',4,18,31,'2017-11-30 04:23:48','2017-11-30 04:23:48'),(296,'TCU','Đại học thông tin liên lạc','Đại học','Công nghệ thông tin','52480201','A01',44,'Kết quả thi THPT QG',16.50,'2017-08-12 17:00:00','2017-08-22 17:00:00','Hà Nội',6,18,62,'2017-11-30 04:23:48','2017-11-30 04:23:48'),(297,'TCU','Đại học thông tin liên lạc','Đại học','Công nghệ thông tin','52480201','C01',44,'Kết quả thi THPT QG',16.50,'2017-08-12 17:00:00','2017-08-22 17:00:00','Hà Nội',4,19,64,'2017-11-30 04:23:48','2017-11-30 04:23:48'),(298,'TCU','Đại học thông tin liên lạc','Đại học','Công nghệ thông tin','52480201','D01',44,'Kết quả thi THPT QG',16.50,'2017-08-12 17:00:00','2017-08-22 17:00:00','Hà Nội',5,17,37,'2017-11-30 04:23:48','2017-11-30 04:23:48'),(299,'TCU','Đại học thông tin liên lạc','Đại học','Kỹ thuật điện tử truyền thông','52520207','A00',72,'Kết quả thi THPT QG',16.50,'2017-08-12 17:00:00','2017-08-22 17:00:00','Hà Nội',5,17,54,'2017-11-30 04:23:48','2017-11-30 04:23:48'),(300,'TCU','Đại học thông tin liên lạc','Đại học','Kỹ thuật điện tử truyền thông','52520207','A01',72,'Kết quả thi THPT QG',16.50,'2017-08-12 17:00:00','2017-08-22 17:00:00','Hà Nội',5,17,100,'2017-11-30 04:23:48','2017-11-30 04:23:48'),(301,'TCU','Đại học thông tin liên lạc','Đại học','Kỹ thuật điện tử truyền thông','52520207','C01',72,'Kết quả thi THPT QG',16.50,'2017-08-12 17:00:00','2017-08-22 17:00:00','Hà Nội',4,18,75,'2017-11-30 04:23:48','2017-11-30 04:23:48'),(302,'TCU','Đại học thông tin liên lạc','Đại học','Kỹ thuật điện tử truyền thông','52520207','D01',72,'Kết quả thi THPT QG',16.50,'2017-08-12 17:00:00','2017-08-22 17:00:00','Hà Nội',4,18,104,'2017-11-30 04:23:48','2017-11-30 04:23:48'),(303,'DHP','Đại học dân lập Hải Phòng ','Đại học','Việt Nam học','52220113','A00',62,'Kết quả thi THPT QG',17.50,'2017-08-12 17:00:00','2017-09-09 17:00:00','Hải Phòng',4,18,73,'2017-11-30 04:23:48','2017-11-30 04:23:48'),(304,'DHP','Đại học dân lập Hải Phòng ','Đại học','Việt Nam học','52220113','C00',62,'Kết quả thi THPT QG',17.50,'2017-08-12 17:00:00','2017-09-09 17:00:00','Hải Phòng',5,18,77,'2017-11-30 04:23:48','2017-11-30 04:23:48'),(305,'DHP','Đại học dân lập Hải Phòng ','Đại học','Việt Nam học','52220113','D01',62,'Kết quả thi THPT QG',17.50,'2017-08-12 17:00:00','2017-09-09 17:00:00','Hải Phòng',5,18,55,'2017-11-30 04:23:48','2017-11-30 04:23:48'),(306,'DHP','Đại học dân lập Hải Phòng ','Đại học','Ngôn ngữ Anh','52220201','A01',42,'Kết quả thi THPT QG',18.50,'2017-08-12 17:00:00','2017-09-09 17:00:00','Hải Phòng',4,18,59,'2017-11-30 04:23:48','2017-11-30 04:23:48'),(307,'DHP','Đại học dân lập Hải Phòng ','Đại học','Ngôn ngữ Anh','52220201','D01',42,'Kết quả thi THPT QG',18.50,'2017-08-12 17:00:00','2017-09-09 17:00:00','Hải Phòng',4,20,49,'2017-11-30 04:23:48','2017-11-30 04:23:48'),(308,'DHP','Đại học dân lập Hải Phòng ','Đại học','Ngôn ngữ Anh','52220201','D14',42,'Kết quả thi THPT QG',18.50,'2017-08-12 17:00:00','2017-09-09 17:00:00','Hải Phòng',5,20,37,'2017-11-30 04:23:48','2017-11-30 04:23:48'),(309,'DHP','Đại học dân lập Hải Phòng ','Đại học','Ngôn ngữ Anh','52220201','D15',42,'Kết quả thi THPT QG',18.50,'2017-08-12 17:00:00','2017-09-09 17:00:00','Hải Phòng',5,20,52,'2017-11-30 04:23:48','2017-11-30 04:23:48'),(310,'DHP','Đại học dân lập Hải Phòng ','Đại học','Quản trị kinh doanh','52340101','A00',186,'Kết quả thi THPT QG',15.50,'2017-08-12 17:00:00','2017-09-09 17:00:00','Hải Phòng',5,16,173,'2017-11-30 04:23:48','2017-11-30 04:23:48'),(311,'DHP','Đại học dân lập Hải Phòng ','Đại học','Quản trị kinh doanh','52340101','A01',186,'Kết quả thi THPT QG',15.50,'2017-08-12 17:00:00','2017-09-09 17:00:00','Hải Phòng',5,16,178,'2017-11-30 04:23:48','2017-11-30 04:23:48'),(312,'DHP','Đại học dân lập Hải Phòng ','Đại học','Quản trị kinh doanh','52340101','D01',186,'Kết quả thi THPT QG',15.50,'2017-08-12 17:00:00','2017-09-09 17:00:00','Hải Phòng',5,16,236,'2017-11-30 04:23:48','2017-11-30 04:23:48'),(313,'DHP','Đại học dân lập Hải Phòng ','Đại học','Quản trị kinh doanh','52340101','D02',186,'Kết quả thi THPT QG',15.50,'2017-08-12 17:00:00','2017-09-09 17:00:00','Hải Phòng',4,15,178,'2017-11-30 04:23:48','2017-11-30 04:23:48'),(314,'DHP','Đại học dân lập Hải Phòng ','Đại học','Quản trị kinh doanh','52340101','D03',186,'Kết quả thi THPT QG',15.50,'2017-08-12 17:00:00','2017-09-09 17:00:00','Hải Phòng',4,17,190,'2017-11-30 04:23:48','2017-11-30 04:23:48'),(315,'DHP','Đại học dân lập Hải Phòng ','Đại học','Quản trị kinh doanh','52340101','D04',186,'Kết quả thi THPT QG',15.50,'2017-08-12 17:00:00','2017-09-09 17:00:00','Hải Phòng',5,16,264,'2017-11-30 04:23:48','2017-11-30 04:23:48'),(316,'DHP','Đại học dân lập Hải Phòng ','Đại học','Công nghệ thông tin','52480201','A00',59,'Kết quả thi THPT QG',16.50,'2017-08-12 17:00:00','2017-09-09 17:00:00','Hải Phòng',6,17,67,'2017-11-30 04:23:48','2017-11-30 04:23:48'),(317,'DHP','Đại học dân lập Hải Phòng ','Đại học','Công nghệ thông tin','52480201','A01',59,'Kết quả thi THPT QG',16.50,'2017-08-12 17:00:00','2017-09-09 17:00:00','Hải Phòng',5,17,73,'2017-11-30 04:23:48','2017-11-30 04:23:48'),(318,'DHP','Đại học dân lập Hải Phòng ','Đại học','Công nghệ thông tin','52480201','D07',59,'Kết quả thi THPT QG',16.50,'2017-08-12 17:00:00','2017-09-09 17:00:00','Hải Phòng',5,18,49,'2017-11-30 04:23:48','2017-11-30 04:23:48'),(319,'DHP','Đại học dân lập Hải Phòng ','Đại học','Công nghệ thông tin','52480201','D08',59,'Kết quả thi THPT QG',16.50,'2017-08-12 17:00:00','2017-09-09 17:00:00','Hải Phòng',5,17,64,'2017-11-30 04:23:48','2017-11-30 04:23:48'),(320,'DHP','Đại học dân lập Hải Phòng ','Đại học','Kĩ thuật điện - điện tử','52510301','A00',73,'Kết quả thi THPT QG',16.50,'2017-08-12 17:00:00','2017-09-09 17:00:00','Hải Phòng',5,18,55,'2017-11-30 04:23:48','2017-11-30 04:23:48'),(321,'DHP','Đại học dân lập Hải Phòng ','Đại học','Kĩ thuật điện - điện tử','52510301','A01',73,'Kết quả thi THPT QG',16.50,'2017-08-12 17:00:00','2017-09-09 17:00:00','Hải Phòng',6,16,105,'2017-11-30 04:23:48','2017-11-30 04:23:48'),(322,'DHP','Đại học dân lập Hải Phòng ','Đại học','Kĩ thuật điện - điện tử','52510301','B00',73,'Kết quả thi THPT QG',16.50,'2017-08-12 17:00:00','2017-09-09 17:00:00','Hải Phòng',5,16,93,'2017-11-30 04:23:48','2017-11-30 04:23:48'),(323,'DHP','Đại học dân lập Hải Phòng ','Đại học','Kĩ thuật điện - điện tử','52510301','D01',73,'Kết quả thi THPT QG',16.50,'2017-08-12 17:00:00','2017-09-09 17:00:00','Hải Phòng',5,18,73,'2017-11-30 04:23:48','2017-11-30 04:23:48'),(324,'DHP','Đại học dân lập Hải Phòng ','Đại học','Kĩ thuật môi trường','52510406','A00',82,'Kết quả thi THPT QG',16.50,'2017-08-12 17:00:00','2017-09-09 17:00:00','Hải Phòng',5,18,115,'2017-11-30 04:23:48','2017-11-30 04:23:48'),(325,'DHP','Đại học dân lập Hải Phòng ','Đại học','Kĩ thuật môi trường','52510406','A01',82,'Kết quả thi THPT QG',16.50,'2017-08-12 17:00:00','2017-09-09 17:00:00','Hải Phòng',4,17,93,'2017-11-30 04:23:48','2017-11-30 04:23:48'),(326,'DHP','Đại học dân lập Hải Phòng ','Đại học','Kĩ thuật môi trường','52510406','A02',82,'Kết quả thi THPT QG',16.50,'2017-08-12 17:00:00','2017-09-09 17:00:00','Hải Phòng',4,17,118,'2017-11-30 04:23:48','2017-11-30 04:23:48'),(327,'DHP','Đại học dân lập Hải Phòng ','Đại học','Kĩ thuật môi trường','52510406','B00',82,'Kết quả thi THPT QG',16.50,'2017-08-12 17:00:00','2017-09-09 17:00:00','Hải Phòng',6,17,84,'2017-11-30 04:23:48','2017-11-30 04:23:48'),(328,'DHP','Đại học dân lập Hải Phòng ','Đại học','Kĩ thuật công trình XD','52580201','A00',84,'Kết quả thi THPT QG',15.50,'2017-08-12 17:00:00','2017-09-09 17:00:00','Hải Phòng',4,15,82,'2017-11-30 04:23:48','2017-11-30 04:23:48'),(329,'DHP','Đại học dân lập Hải Phòng ','Đại học','Kĩ thuật công trình XD','52580201','A01',84,'Kết quả thi THPT QG',15.50,'2017-08-12 17:00:00','2017-09-09 17:00:00','Hải Phòng',5,16,63,'2017-11-30 04:23:48','2017-11-30 04:23:48'),(330,'DHP','Đại học dân lập Hải Phòng ','Đại học','Kĩ thuật công trình XD','52580201','A04',84,'Kết quả thi THPT QG',15.50,'2017-08-12 17:00:00','2017-09-09 17:00:00','Hải Phòng',6,16,98,'2017-11-30 04:23:48','2017-11-30 04:23:48'),(331,'DHP','Đại học dân lập Hải Phòng ','Đại học','Nông nghiệp','52620101','A00',58,'Kết quả thi THPT QG',15.50,'2017-08-12 17:00:00','2017-09-09 17:00:00','Hải Phòng',6,18,64,'2017-11-30 04:23:48','2017-11-30 04:23:48'),(332,'DHP','Đại học dân lập Hải Phòng ','Đại học','Nông nghiệp','52620101','A01',58,'Kết quả thi THPT QG',15.50,'2017-08-12 17:00:00','2017-09-09 17:00:00','Hải Phòng',5,16,65,'2017-11-30 04:23:48','2017-11-30 04:23:48'),(333,'DHP','Đại học dân lập Hải Phòng ','Đại học','Nông nghiệp','52620101','A02',58,'Kết quả thi THPT QG',15.50,'2017-08-12 17:00:00','2017-09-09 17:00:00','Hải Phòng',5,15,82,'2017-11-30 04:23:48','2017-11-30 04:23:48'),(334,'DHP','Đại học dân lập Hải Phòng ','Đại học','Nông nghiệp','52620101','B00',58,'Kết quả thi THPT QG',15.50,'2017-08-12 17:00:00','2017-09-09 17:00:00','Hải Phòng',5,17,57,'2017-11-30 04:23:48','2017-11-30 04:23:48'),(335,'LCS','Sĩ quan chính trị','Đại học','Giáo dục quốc phòng và an ninh','52140208','A00',19,'Kết quả thi THPT QG',16.75,'2017-08-12 17:00:00','2017-08-16 17:00:00','Bắc Ninh',5,17,16,'2017-11-30 04:23:48','2017-11-30 04:23:48'),(336,'LCS','Sĩ quan chính trị','Đại học','Giáo dục quốc phòng và an ninh','52140208','C00',26,'Kết quả thi THPT QG',23.25,'2017-08-12 17:00:00','2017-08-16 17:00:00','Bắc Ninh',3,23,28,'2017-11-30 04:23:48','2017-11-30 04:23:48'),(337,'LCS','Sĩ quan chính trị','Đại học','Giáo dục quốc phòng và an ninh','52140208','D01',15,'Kết quả thi THPT QG',19.75,'2017-08-12 17:00:00','2017-08-16 17:00:00','Bắc Ninh',5,21,16,'2017-11-30 04:23:48','2017-11-30 04:23:48');
/*!40000 ALTER TABLE `university_detail` ENABLE KEYS */;
UNLOCK TABLES;
/*!40103 SET TIME_ZONE=@OLD_TIME_ZONE */;

/*!40101 SET SQL_MODE=@OLD_SQL_MODE */;
/*!40014 SET FOREIGN_KEY_CHECKS=@OLD_FOREIGN_KEY_CHECKS */;
/*!40014 SET UNIQUE_CHECKS=@OLD_UNIQUE_CHECKS */;
/*!40101 SET CHARACTER_SET_CLIENT=@OLD_CHARACTER_SET_CLIENT */;
/*!40101 SET CHARACTER_SET_RESULTS=@OLD_CHARACTER_SET_RESULTS */;
/*!40101 SET COLLATION_CONNECTION=@OLD_COLLATION_CONNECTION */;
/*!40111 SET SQL_NOTES=@OLD_SQL_NOTES */;

-- Dump completed on 2017-11-30 19:54:48
